-27712958,1,1,1,401,442,0,4-5Â¥Çå½à¿¨
-27712958,1,1,1,402,442,0,4-5Â¥Çå½à¿¨
-27712958,1,1,1,403,442,0,4-5Â¥Çå½à¿¨
-27712958,1,1,1,404,442,0,4-5Â¥Çå½à¿¨
-27712958,1,1,1,405,442,0,4-5Â¥Çå½à¿¨
-27712958,1,1,1,406,442,0,4-5Â¥Çå½à¿¨
-27712958,1,1,1,407,442,0,4-5Â¥Çå½à¿¨
-27712958,1,1,1,408,442,0,4-5Â¥Çå½à¿¨
-27712958,1,1,1,409,442,0,4-5Â¥Çå½à¿¨
-27712958,1,1,1,410,442,0,4-5Â¥Çå½à¿¨
-27712958,1,1,1,411,442,0,4-5Â¥Çå½à¿¨
-27712958,1,1,1,412,442,0,4-5Â¥Çå½à¿¨
-27712958,1,1,1,413,442,0,4-5Â¥Çå½à¿¨
-27712958,1,1,1,414,442,0,4-5Â¥Çå½à¿¨
-27712958,1,1,1,415,442,0,4-5Â¥Çå½à¿¨
-27712958,1,1,1,416,442,0,4-5Â¥Çå½à¿¨
-27712958,1,1,1,417,442,0,4-5Â¥Çå½à¿¨
-27712958,1,1,1,418,442,0,4-5Â¥Çå½à¿¨
-27712958,1,1,1,419,442,0,4-5Â¥Çå½à¿¨
-27712958,1,1,1,420,442,0,4-5Â¥Çå½à¿¨
-27712958,1,1,1,422,442,0,4-5Â¥Çå½à¿¨
-27712958,1,1,1,488,442,0,4-5Â¥Çå½à¿¨
-1082117225,1,1,1,10021,444,0,1002·¿¿¨
65177536,1,1,1,1701,624,0,17-19Â¥×ÛºÏÇå½à¿¨
65177536,1,1,1,1702,624,0,17-19Â¥×ÛºÏÇå½à¿¨
65177536,1,1,1,1703,624,0,17-19Â¥×ÛºÏÇå½à¿¨
65177536,1,1,1,1704,624,0,17-19Â¥×ÛºÏÇå½à¿¨
65177536,1,1,1,1705,624,0,17-19Â¥×ÛºÏÇå½à¿¨
65177536,1,1,1,1706,624,0,17-19Â¥×ÛºÏÇå½à¿¨
65177536,1,1,1,1707,624,0,17-19Â¥×ÛºÏÇå½à¿¨
65177536,1,1,1,1708,624,0,17-19Â¥×ÛºÏÇå½à¿¨
65177536,1,1,1,1709,624,0,17-19Â¥×ÛºÏÇå½à¿¨
65177536,1,1,1,1710,624,0,17-19Â¥×ÛºÏÇå½à¿¨
65177536,1,1,1,1711,624,0,17-19Â¥×ÛºÏÇå½à¿¨
65177536,1,1,1,1712,624,0,17-19Â¥×ÛºÏÇå½à¿¨
65177536,1,1,1,1713,624,0,17-19Â¥×ÛºÏÇå½à¿¨
65177536,1,1,1,1714,624,0,17-19Â¥×ÛºÏÇå½à¿¨
65177536,1,1,1,1715,624,0,17-19Â¥×ÛºÏÇå½à¿¨
65177536,1,1,1,1716,624,0,17-19Â¥×ÛºÏÇå½à¿¨
65177536,1,1,1,1717,624,0,17-19Â¥×ÛºÏÇå½à¿¨
65177536,1,1,1,1718,624,0,17-19Â¥×ÛºÏÇå½à¿¨
65177536,1,1,1,1719,624,0,17-19Â¥×ÛºÏÇå½à¿¨
65177536,1,1,1,1720,624,0,17-19Â¥×ÛºÏÇå½à¿¨
65177536,1,1,1,1721,624,0,17-19Â¥×ÛºÏÇå½à¿¨
65177536,1,1,1,1722,624,0,17-19Â¥×ÛºÏÇå½à¿¨
65177536,1,1,1,1723,624,0,17-19Â¥×ÛºÏÇå½à¿¨
65177536,1,1,1,1725,624,0,17-19Â¥×ÛºÏÇå½à¿¨
65177536,1,1,1,1726,624,0,17-19Â¥×ÛºÏÇå½à¿¨
65177536,1,1,1,1727,624,0,17-19Â¥×ÛºÏÇå½à¿¨
65177536,1,1,1,1728,624,0,17-19Â¥×ÛºÏÇå½à¿¨
65177536,1,1,1,1729,624,0,17-19Â¥×ÛºÏÇå½à¿¨
65177536,1,1,1,1739,624,0,17-19Â¥×ÛºÏÇå½à¿¨
65177536,1,1,1,1740,624,0,17-19Â¥×ÛºÏÇå½à¿¨
65177536,1,1,1,1788,624,0,17-19Â¥×ÛºÏÇå½à¿¨
65177536,1,1,1,1801,624,0,17-19Â¥×ÛºÏÇå½à¿¨
65177536,1,1,1,1802,624,0,17-19Â¥×ÛºÏÇå½à¿¨
65177536,1,1,1,1803,624,0,17-19Â¥×ÛºÏÇå½à¿¨
65177536,1,1,1,1804,624,0,17-19Â¥×ÛºÏÇå½à¿¨
65177536,1,1,1,1805,624,0,17-19Â¥×ÛºÏÇå½à¿¨
65177536,1,1,1,1806,624,0,17-19Â¥×ÛºÏÇå½à¿¨
65177536,1,1,1,1818,624,0,17-19Â¥×ÛºÏÇå½à¿¨
65177536,1,1,1,1828,624,0,17-19Â¥×ÛºÏÇå½à¿¨
65177536,1,1,1,1840,624,0,17-19Â¥×ÛºÏÇå½à¿¨
65177536,1,1,1,1888,624,0,17-19Â¥×ÛºÏÇå½à¿¨
65177536,1,1,1,1901,624,0,17-19Â¥×ÛºÏÇå½à¿¨
65177536,1,1,1,1902,624,0,17-19Â¥×ÛºÏÇå½à¿¨
65177536,1,1,1,1903,624,0,17-19Â¥×ÛºÏÇå½à¿¨
65177536,1,1,1,1904,624,0,17-19Â¥×ÛºÏÇå½à¿¨
65177536,1,1,1,1905,624,0,17-19Â¥×ÛºÏÇå½à¿¨
65177536,1,1,1,1906,624,0,17-19Â¥×ÛºÏÇå½à¿¨
65177536,1,1,1,1908,624,0,17-19Â¥×ÛºÏÇå½à¿¨
65177536,1,1,1,1909,624,0,17-19Â¥×ÛºÏÇå½à¿¨
65177536,1,1,1,1910,624,0,17-19Â¥×ÛºÏÇå½à¿¨
65177536,1,1,1,1912,624,0,17-19Â¥×ÛºÏÇå½à¿¨
65177536,1,1,1,1918,624,0,17-19Â¥×ÛºÏÇå½à¿¨
65177536,1,1,1,1940,624,0,17-19Â¥×ÛºÏÇå½à¿¨
65177536,1,1,1,1988,624,0,17-19Â¥×ÛºÏÇå½à¿¨
40006656,1,1,1,1401,625,0,14-16Â¥×ÛºÏÇå½à¿¨
40006656,1,1,1,1402,625,0,14-16Â¥×ÛºÏÇå½à¿¨
40006656,1,1,1,1403,625,0,14-16Â¥×ÛºÏÇå½à¿¨
40006656,1,1,1,1405,625,0,14-16Â¥×ÛºÏÇå½à¿¨
40006656,1,1,1,1406,625,0,14-16Â¥×ÛºÏÇå½à¿¨
40006656,1,1,1,1407,625,0,14-16Â¥×ÛºÏÇå½à¿¨
40006656,1,1,1,1408,625,0,14-16Â¥×ÛºÏÇå½à¿¨
40006656,1,1,1,1410,625,0,14-16Â¥×ÛºÏÇå½à¿¨
40006656,1,1,1,1411,625,0,14-16Â¥×ÛºÏÇå½à¿¨
40006656,1,1,1,1412,625,0,14-16Â¥×ÛºÏÇå½à¿¨
40006656,1,1,1,1413,625,0,14-16Â¥×ÛºÏÇå½à¿¨
40006656,1,1,1,1415,625,0,14-16Â¥×ÛºÏÇå½à¿¨
40006656,1,1,1,1416,625,0,14-16Â¥×ÛºÏÇå½à¿¨
40006656,1,1,1,1417,625,0,14-16Â¥×ÛºÏÇå½à¿¨
-1082117225,1,1,1,10022,444,0,1002·¿¿¨
-27712958,1,1,1,509,442,0,4-5Â¥Çå½à¿¨
-27712958,1,1,1,510,442,0,4-5Â¥Çå½à¿¨
-27712958,1,1,1,511,442,0,4-5Â¥Çå½à¿¨
-27712958,1,1,1,512,442,0,4-5Â¥Çå½à¿¨
-27712958,1,1,1,513,442,0,4-5Â¥Çå½à¿¨
-27712958,1,1,1,514,442,0,4-5Â¥Çå½à¿¨
-27712958,1,1,1,515,442,0,4-5Â¥Çå½à¿¨
-27712958,1,1,1,516,442,0,4-5Â¥Çå½à¿¨
-27712958,1,1,1,517,442,0,4-5Â¥Çå½à¿¨
-27712958,1,1,1,518,442,0,4-5Â¥Çå½à¿¨
-27712958,1,1,1,519,442,0,4-5Â¥Çå½à¿¨
-27712958,1,1,1,520,442,0,4-5Â¥Çå½à¿¨
-27712958,1,1,1,521,442,0,4-5Â¥Çå½à¿¨
-27712958,1,1,1,522,442,0,4-5Â¥Çå½à¿¨
-27712958,1,1,1,523,442,0,4-5Â¥Çå½à¿¨
-27712958,1,1,1,525,442,0,4-5Â¥Çå½à¿¨
-27712958,1,1,1,526,442,0,4-5Â¥Çå½à¿¨
-27712958,1,1,1,527,442,0,4-5Â¥Çå½à¿¨
-27712958,1,1,1,528,442,0,4-5Â¥Çå½à¿¨
-27712958,1,1,1,529,442,0,4-5Â¥Çå½à¿¨
-27712958,1,1,1,530,442,0,4-5Â¥Çå½à¿¨
-27712958,1,1,1,531,442,0,4-5Â¥Çå½à¿¨
-27712958,1,1,1,532,442,0,4-5Â¥Çå½à¿¨
-27712958,1,1,1,533,442,0,4-5Â¥Çå½à¿¨
-27712958,1,1,1,534,442,0,4-5Â¥Çå½à¿¨
-27712958,1,1,1,535,442,0,4-5Â¥Çå½à¿¨
-27712958,1,1,1,536,442,0,4-5Â¥Çå½à¿¨
-27712958,1,1,1,537,442,0,4-5Â¥Çå½à¿¨
-27712958,1,1,1,538,442,0,4-5Â¥Çå½à¿¨
-341237261,1,1,1,1129,593,0,4-19Â¥×Ü¿¨
-27712958,1,1,1,540,442,0,4-5Â¥Çå½à¿¨
-45936018,1,1,1,601,527,0,6-7Â¥Çå½à¿¨
-45936018,1,1,1,602,527,0,6-7Â¥Çå½à¿¨
-45936018,1,1,1,603,527,0,6-7Â¥Çå½à¿¨
-45936018,1,1,1,604,527,0,6-7Â¥Çå½à¿¨
-45936018,1,1,1,605,527,0,6-7Â¥Çå½à¿¨
-45936018,1,1,1,606,527,0,6-7Â¥Çå½à¿¨
-45936018,1,1,1,607,527,0,6-7Â¥Çå½à¿¨
-45936018,1,1,1,608,527,0,6-7Â¥Çå½à¿¨
-45936018,1,1,1,609,527,0,6-7Â¥Çå½à¿¨
-45936018,1,1,1,610,527,0,6-7Â¥Çå½à¿¨
-45936018,1,1,1,611,527,0,6-7Â¥Çå½à¿¨
-45936018,1,1,1,612,527,0,6-7Â¥Çå½à¿¨
-45936018,1,1,1,613,527,0,6-7Â¥Çå½à¿¨
-45936018,1,1,1,614,527,0,6-7Â¥Çå½à¿¨
-45936018,1,1,1,615,527,0,6-7Â¥Çå½à¿¨
-45936018,1,1,1,616,527,0,6-7Â¥Çå½à¿¨
-45936018,1,1,1,617,527,0,6-7Â¥Çå½à¿¨
-45936018,1,1,1,618,527,0,6-7Â¥Çå½à¿¨
-45936018,1,1,1,620,527,0,6-7Â¥Çå½à¿¨
-45936018,1,1,1,621,527,0,6-7Â¥Çå½à¿¨
-45936018,1,1,1,622,527,0,6-7Â¥Çå½à¿¨
-45936018,1,1,1,623,527,0,6-7Â¥Çå½à¿¨
-45936018,1,1,1,625,527,0,6-7Â¥Çå½à¿¨
-45936018,1,1,1,626,527,0,6-7Â¥Çå½à¿¨
-45936018,1,1,1,627,527,0,6-7Â¥Çå½à¿¨
-45936018,1,1,1,628,527,0,6-7Â¥Çå½à¿¨
-45936018,1,1,1,629,527,0,6-7Â¥Çå½à¿¨
-45936018,1,1,1,630,527,0,6-7Â¥Çå½à¿¨
-45936018,1,1,1,631,527,0,6-7Â¥Çå½à¿¨
-45936018,1,1,1,632,527,0,6-7Â¥Çå½à¿¨
-45936018,1,1,1,633,527,0,6-7Â¥Çå½à¿¨
-45936018,1,1,1,634,527,0,6-7Â¥Çå½à¿¨
-45936018,1,1,1,635,527,0,6-7Â¥Çå½à¿¨
-45936018,1,1,1,636,527,0,6-7Â¥Çå½à¿¨
-45936018,1,1,1,637,527,0,6-7Â¥Çå½à¿¨
-45936018,1,1,1,638,527,0,6-7Â¥Çå½à¿¨
-45936018,1,1,1,639,527,0,6-7Â¥Çå½à¿¨
-45936018,1,1,1,640,527,0,6-7Â¥Çå½à¿¨
-45936018,1,1,1,688,527,0,6-7Â¥Çå½à¿¨
-45936018,1,1,1,701,527,0,6-7Â¥Çå½à¿¨
-45936018,1,1,1,702,527,0,6-7Â¥Çå½à¿¨
-45936018,1,1,1,703,527,0,6-7Â¥Çå½à¿¨
-45936018,1,1,1,704,527,0,6-7Â¥Çå½à¿¨
-45936018,1,1,1,705,527,0,6-7Â¥Çå½à¿¨
-45936018,1,1,1,706,527,0,6-7Â¥Çå½à¿¨
-45936018,1,1,1,707,527,0,6-7Â¥Çå½à¿¨
-45936018,1,1,1,708,527,0,6-7Â¥Çå½à¿¨
117940435,1,1,1,1201,521,0,12-13Â¥Çå½à¿¨
117940435,1,1,1,1202,521,0,12-13Â¥Çå½à¿¨
117940435,1,1,1,1203,521,0,12-13Â¥Çå½à¿¨
117940435,1,1,1,1204,521,0,12-13Â¥Çå½à¿¨
117940435,1,1,1,1205,521,0,12-13Â¥Çå½à¿¨
117940435,1,1,1,1206,521,0,12-13Â¥Çå½à¿¨
117940435,1,1,1,1207,521,0,12-13Â¥Çå½à¿¨
117940435,1,1,1,1208,521,0,12-13Â¥Çå½à¿¨
117940435,1,1,1,1209,521,0,12-13Â¥Çå½à¿¨
117940435,1,1,1,1210,521,0,12-13Â¥Çå½à¿¨
117940435,1,1,1,1211,521,0,12-13Â¥Çå½à¿¨
117940435,1,1,1,1212,521,0,12-13Â¥Çå½à¿¨
117940435,1,1,1,1213,521,0,12-13Â¥Çå½à¿¨
117940435,1,1,1,1214,521,0,12-13Â¥Çå½à¿¨
117940435,1,1,1,1215,521,0,12-13Â¥Çå½à¿¨
117940435,1,1,1,1216,521,0,12-13Â¥Çå½à¿¨
117940435,1,1,1,1217,521,0,12-13Â¥Çå½à¿¨
117940435,1,1,1,1218,521,0,12-13Â¥Çå½à¿¨
117940435,1,1,1,1219,521,0,12-13Â¥Çå½à¿¨
117940435,1,1,1,1220,521,0,12-13Â¥Çå½à¿¨
117940435,1,1,1,1221,521,0,12-13Â¥Çå½à¿¨
117940435,1,1,1,1222,521,0,12-13Â¥Çå½à¿¨
117940435,1,1,1,1223,521,0,12-13Â¥Çå½à¿¨
117940435,1,1,1,1225,521,0,12-13Â¥Çå½à¿¨
117940435,1,1,1,1226,521,0,12-13Â¥Çå½à¿¨
117940435,1,1,1,1227,521,0,12-13Â¥Çå½à¿¨
117940435,1,1,1,1228,521,0,12-13Â¥Çå½à¿¨
117940435,1,1,1,1229,521,0,12-13Â¥Çå½à¿¨
117940435,1,1,1,1230,521,0,12-13Â¥Çå½à¿¨
117940435,1,1,1,1231,521,0,12-13Â¥Çå½à¿¨
117940435,1,1,1,1232,521,0,12-13Â¥Çå½à¿¨
117940435,1,1,1,1233,521,0,12-13Â¥Çå½à¿¨
117940435,1,1,1,1234,521,0,12-13Â¥Çå½à¿¨
117940435,1,1,1,1235,521,0,12-13Â¥Çå½à¿¨
117940435,1,1,1,1236,521,0,12-13Â¥Çå½à¿¨
117940435,1,1,1,1237,521,0,12-13Â¥Çå½à¿¨
117940435,1,1,1,1238,521,0,12-13Â¥Çå½à¿¨
117940435,1,1,1,1239,521,0,12-13Â¥Çå½à¿¨
117940435,1,1,1,1240,521,0,12-13Â¥Çå½à¿¨
117940435,1,1,1,1241,521,0,12-13Â¥Çå½à¿¨
117940435,1,1,1,1288,521,0,12-13Â¥Çå½à¿¨
117940435,1,1,1,1301,521,0,12-13Â¥Çå½à¿¨
117940435,1,1,1,1302,521,0,12-13Â¥Çå½à¿¨
117940435,1,1,1,1303,521,0,12-13Â¥Çå½à¿¨
117940435,1,1,1,1304,521,0,12-13Â¥Çå½à¿¨
117940435,1,1,1,1305,521,0,12-13Â¥Çå½à¿¨
117940435,1,1,1,1306,521,0,12-13Â¥Çå½à¿¨
117940435,1,1,1,1307,521,0,12-13Â¥Çå½à¿¨
117940435,1,1,1,1308,521,0,12-13Â¥Çå½à¿¨
117940435,1,1,1,1309,521,0,12-13Â¥Çå½à¿¨
117940435,1,1,1,1310,521,0,12-13Â¥Çå½à¿¨
117940435,1,1,1,1311,521,0,12-13Â¥Çå½à¿¨
117940435,1,1,1,1312,521,0,12-13Â¥Çå½à¿¨
117940435,1,1,1,1313,521,0,12-13Â¥Çå½à¿¨
117940435,1,1,1,1314,521,0,12-13Â¥Çå½à¿¨
117940435,1,1,1,1315,521,0,12-13Â¥Çå½à¿¨
117940435,1,1,1,1316,521,0,12-13Â¥Çå½à¿¨
117940435,1,1,1,1317,521,0,12-13Â¥Çå½à¿¨
117940435,1,1,1,1318,521,0,12-13Â¥Çå½à¿¨
117940435,1,1,1,1319,521,0,12-13Â¥Çå½à¿¨
117940435,1,1,1,1320,521,0,12-13Â¥Çå½à¿¨
117940435,1,1,1,1321,521,0,12-13Â¥Çå½à¿¨
117940435,1,1,1,1322,521,0,12-13Â¥Çå½à¿¨
117940435,1,1,1,1323,521,0,12-13Â¥Çå½à¿¨
117940435,1,1,1,1325,521,0,12-13Â¥Çå½à¿¨
117940435,1,1,1,1326,521,0,12-13Â¥Çå½à¿¨
117940435,1,1,1,1327,521,0,12-13Â¥Çå½à¿¨
117940435,1,1,1,1328,521,0,12-13Â¥Çå½à¿¨
117940435,1,1,1,1329,521,0,12-13Â¥Çå½à¿¨
117940435,1,1,1,1330,521,0,12-13Â¥Çå½à¿¨
117940435,1,1,1,1331,521,0,12-13Â¥Çå½à¿¨
117940435,1,1,1,1332,521,0,12-13Â¥Çå½à¿¨
117940435,1,1,1,1333,521,0,12-13Â¥Çå½à¿¨
117940435,1,1,1,1339,521,0,12-13Â¥Çå½à¿¨
117940435,1,1,1,1340,521,0,12-13Â¥Çå½à¿¨
117940435,1,1,1,1341,521,0,12-13Â¥Çå½à¿¨
117940435,1,1,1,1388,521,0,12-13Â¥Çå½à¿¨
-45936018,1,1,1,709,527,0,6-7Â¥Çå½à¿¨
-45936018,1,1,1,710,527,0,6-7Â¥Çå½à¿¨
-45936018,1,1,1,711,527,0,6-7Â¥Çå½à¿¨
-45936018,1,1,1,712,527,0,6-7Â¥Çå½à¿¨
-45936018,1,1,1,713,527,0,6-7Â¥Çå½à¿¨
-45936018,1,1,1,714,527,0,6-7Â¥Çå½à¿¨
-45936018,1,1,1,715,527,0,6-7Â¥Çå½à¿¨
-45936018,1,1,1,716,527,0,6-7Â¥Çå½à¿¨
-45936018,1,1,1,717,527,0,6-7Â¥Çå½à¿¨
-45936018,1,1,1,718,527,0,6-7Â¥Çå½à¿¨
-45936018,1,1,1,719,527,0,6-7Â¥Çå½à¿¨
-45936018,1,1,1,720,527,0,6-7Â¥Çå½à¿¨
-45936018,1,1,1,721,527,0,6-7Â¥Çå½à¿¨
-45936018,1,1,1,722,527,0,6-7Â¥Çå½à¿¨
-45936018,1,1,1,723,527,0,6-7Â¥Çå½à¿¨
-45936018,1,1,1,725,527,0,6-7Â¥Çå½à¿¨
-45936018,1,1,1,726,527,0,6-7Â¥Çå½à¿¨
-45936018,1,1,1,727,527,0,6-7Â¥Çå½à¿¨
-45936018,1,1,1,728,527,0,6-7Â¥Çå½à¿¨
-45936018,1,1,1,729,527,0,6-7Â¥Çå½à¿¨
-45936018,1,1,1,730,527,0,6-7Â¥Çå½à¿¨
-45936018,1,1,1,731,527,0,6-7Â¥Çå½à¿¨
-45936018,1,1,1,732,527,0,6-7Â¥Çå½à¿¨
-45936018,1,1,1,733,527,0,6-7Â¥Çå½à¿¨
-45936018,1,1,1,734,527,0,6-7Â¥Çå½à¿¨
-45936018,1,1,1,735,527,0,6-7Â¥Çå½à¿¨
-45936018,1,1,1,736,527,0,6-7Â¥Çå½à¿¨
-45936018,1,1,1,738,527,0,6-7Â¥Çå½à¿¨
-45936018,1,1,1,739,527,0,6-7Â¥Çå½à¿¨
-45936018,1,1,1,740,527,0,6-7Â¥Çå½à¿¨
-45936018,1,1,1,788,527,0,6-7Â¥Çå½à¿¨
132669568,1,1,1,801,528,0,8-9Â¥Çå½à¿¨
132669568,1,1,1,802,528,0,8-9Â¥Çå½à¿¨
-361143853,1,1,1,1001,526,0,10-11Â¥Çå½à¿¨
-361143853,1,1,1,1003,526,0,10-11Â¥Çå½à¿¨
-361143853,1,1,1,1004,526,0,10-11Â¥Çå½à¿¨
-361143853,1,1,1,1005,526,0,10-11Â¥Çå½à¿¨
-361143853,1,1,1,1006,526,0,10-11Â¥Çå½à¿¨
-361143853,1,1,1,1007,526,0,10-11Â¥Çå½à¿¨
-361143853,1,1,1,1008,526,0,10-11Â¥Çå½à¿¨
-361143853,1,1,1,1009,526,0,10-11Â¥Çå½à¿¨
-361143853,1,1,1,1010,526,0,10-11Â¥Çå½à¿¨
-361143853,1,1,1,1011,526,0,10-11Â¥Çå½à¿¨
-361143853,1,1,1,1012,526,0,10-11Â¥Çå½à¿¨
-361143853,1,1,1,1013,526,0,10-11Â¥Çå½à¿¨
-361143853,1,1,1,1014,526,0,10-11Â¥Çå½à¿¨
-361143853,1,1,1,1015,526,0,10-11Â¥Çå½à¿¨
-361143853,1,1,1,1016,526,0,10-11Â¥Çå½à¿¨
-361143853,1,1,1,1017,526,0,10-11Â¥Çå½à¿¨
-361143853,1,1,1,1018,526,0,10-11Â¥Çå½à¿¨
-361143853,1,1,1,1019,526,0,10-11Â¥Çå½à¿¨
-361143853,1,1,1,1020,526,0,10-11Â¥Çå½à¿¨
-361143853,1,1,1,1021,526,0,10-11Â¥Çå½à¿¨
-361143853,1,1,1,1022,526,0,10-11Â¥Çå½à¿¨
-361143853,1,1,1,1023,526,0,10-11Â¥Çå½à¿¨
-361143853,1,1,1,1025,526,0,10-11Â¥Çå½à¿¨
-361143853,1,1,1,1026,526,0,10-11Â¥Çå½à¿¨
-361143853,1,1,1,1027,526,0,10-11Â¥Çå½à¿¨
-361143853,1,1,1,1028,526,0,10-11Â¥Çå½à¿¨
-361143853,1,1,1,1029,526,0,10-11Â¥Çå½à¿¨
-361143853,1,1,1,1030,526,0,10-11Â¥Çå½à¿¨
-361143853,1,1,1,1031,526,0,10-11Â¥Çå½à¿¨
-361143853,1,1,1,1032,526,0,10-11Â¥Çå½à¿¨
-361143853,1,1,1,1033,526,0,10-11Â¥Çå½à¿¨
-361143853,1,1,1,1034,526,0,10-11Â¥Çå½à¿¨
-361143853,1,1,1,1035,526,0,10-11Â¥Çå½à¿¨
-361143853,1,1,1,1036,526,0,10-11Â¥Çå½à¿¨
-361143853,1,1,1,1037,526,0,10-11Â¥Çå½à¿¨
-361143853,1,1,1,1038,526,0,10-11Â¥Çå½à¿¨
-742211610,1,1,1,710,727,0,7-8Â¥Çå½à¿¨
-361143853,1,1,1,1040,526,0,10-11Â¥Çå½à¿¨
-361143853,1,1,1,1041,526,0,10-11Â¥Çå½à¿¨
-361143853,1,1,1,1088,526,0,10-11Â¥Çå½à¿¨
-361143853,1,1,1,1101,526,0,10-11Â¥Çå½à¿¨
-361143853,1,1,1,1102,526,0,10-11Â¥Çå½à¿¨
-361143853,1,1,1,1103,526,0,10-11Â¥Çå½à¿¨
-361143853,1,1,1,1104,526,0,10-11Â¥Çå½à¿¨
-361143853,1,1,1,1105,526,0,10-11Â¥Çå½à¿¨
-361143853,1,1,1,1106,526,0,10-11Â¥Çå½à¿¨
-361143853,1,1,1,1107,526,0,10-11Â¥Çå½à¿¨
-361143853,1,1,1,1108,526,0,10-11Â¥Çå½à¿¨
-361143853,1,1,1,1109,526,0,10-11Â¥Çå½à¿¨
-361143853,1,1,1,1110,526,0,10-11Â¥Çå½à¿¨
-361143853,1,1,1,1111,526,0,10-11Â¥Çå½à¿¨
-361143853,1,1,1,1112,526,0,10-11Â¥Çå½à¿¨
-361143853,1,1,1,1113,526,0,10-11Â¥Çå½à¿¨
-361143853,1,1,1,1114,526,0,10-11Â¥Çå½à¿¨
-361143853,1,1,1,1115,526,0,10-11Â¥Çå½à¿¨
-361143853,1,1,1,1116,526,0,10-11Â¥Çå½à¿¨
-361143853,1,1,1,1117,526,0,10-11Â¥Çå½à¿¨
-361143853,1,1,1,1118,526,0,10-11Â¥Çå½à¿¨
-361143853,1,1,1,1119,526,0,10-11Â¥Çå½à¿¨
-361143853,1,1,1,1120,526,0,10-11Â¥Çå½à¿¨
-361143853,1,1,1,1121,526,0,10-11Â¥Çå½à¿¨
-361143853,1,1,1,1122,526,0,10-11Â¥Çå½à¿¨
-361143853,1,1,1,1123,526,0,10-11Â¥Çå½à¿¨
-361143853,1,1,1,1125,526,0,10-11Â¥Çå½à¿¨
-361143853,1,1,1,1126,526,0,10-11Â¥Çå½à¿¨
-361143853,1,1,1,1127,526,0,10-11Â¥Çå½à¿¨
-361143853,1,1,1,1128,526,0,10-11Â¥Çå½à¿¨
-361143853,1,1,1,1129,526,0,10-11Â¥Çå½à¿¨
-361143853,1,1,1,1130,526,0,10-11Â¥Çå½à¿¨
-361143853,1,1,1,1131,526,0,10-11Â¥Çå½à¿¨
-361143853,1,1,1,1132,526,0,10-11Â¥Çå½à¿¨
-361143853,1,1,1,1133,526,0,10-11Â¥Çå½à¿¨
-361143853,1,1,1,1134,526,0,10-11Â¥Çå½à¿¨
-361143853,1,1,1,1135,526,0,10-11Â¥Çå½à¿¨
-361143853,1,1,1,1136,526,0,10-11Â¥Çå½à¿¨
-361143853,1,1,1,1137,526,0,10-11Â¥Çå½à¿¨
-361143853,1,1,1,1138,526,0,10-11Â¥Çå½à¿¨
-742211610,1,1,1,711,727,0,7-8Â¥Çå½à¿¨
-361143853,1,1,1,1140,526,0,10-11Â¥Çå½à¿¨
-361143853,1,1,1,1141,526,0,10-11Â¥Çå½à¿¨
-361143853,1,1,1,1188,526,0,10-11Â¥Çå½à¿¨
-27712958,1,1,1,440,442,0,4-5Â¥Çå½à¿¨
-27712958,1,1,1,501,442,0,4-5Â¥Çå½à¿¨
-51652620,1,1,1,1129,735,0,4-11Â¥×Ü¿¨
-27712958,1,1,1,503,442,0,4-5Â¥Çå½à¿¨
-27712958,1,1,1,504,442,0,4-5Â¥Çå½à¿¨
-27712958,1,1,1,505,442,0,4-5Â¥Çå½à¿¨
-27712958,1,1,1,506,442,0,4-5Â¥Çå½à¿¨
-27712958,1,1,1,507,442,0,4-5Â¥Çå½à¿¨
-27712958,1,1,1,508,442,0,4-5Â¥Çå½à¿¨
132669568,1,1,1,803,528,0,8-9Â¥Çå½à¿¨
132669568,1,1,1,804,528,0,8-9Â¥Çå½à¿¨
132669568,1,1,1,805,528,0,8-9Â¥Çå½à¿¨
132669568,1,1,1,806,528,0,8-9Â¥Çå½à¿¨
132669568,1,1,1,807,528,0,8-9Â¥Çå½à¿¨
132669568,1,1,1,808,528,0,8-9Â¥Çå½à¿¨
132669568,1,1,1,809,528,0,8-9Â¥Çå½à¿¨
132669568,1,1,1,810,528,0,8-9Â¥Çå½à¿¨
132669568,1,1,1,811,528,0,8-9Â¥Çå½à¿¨
132669568,1,1,1,812,528,0,8-9Â¥Çå½à¿¨
132669568,1,1,1,813,528,0,8-9Â¥Çå½à¿¨
132669568,1,1,1,814,528,0,8-9Â¥Çå½à¿¨
132669568,1,1,1,815,528,0,8-9Â¥Çå½à¿¨
132669568,1,1,1,816,528,0,8-9Â¥Çå½à¿¨
132669568,1,1,1,817,528,0,8-9Â¥Çå½à¿¨
132669568,1,1,1,818,528,0,8-9Â¥Çå½à¿¨
132669568,1,1,1,819,528,0,8-9Â¥Çå½à¿¨
132669568,1,1,1,820,528,0,8-9Â¥Çå½à¿¨
132669568,1,1,1,821,528,0,8-9Â¥Çå½à¿¨
132669568,1,1,1,822,528,0,8-9Â¥Çå½à¿¨
132669568,1,1,1,823,528,0,8-9Â¥Çå½à¿¨
132669568,1,1,1,825,528,0,8-9Â¥Çå½à¿¨
132669568,1,1,1,826,528,0,8-9Â¥Çå½à¿¨
132669568,1,1,1,827,528,0,8-9Â¥Çå½à¿¨
132669568,1,1,1,828,528,0,8-9Â¥Çå½à¿¨
132669568,1,1,1,829,528,0,8-9Â¥Çå½à¿¨
132669568,1,1,1,830,528,0,8-9Â¥Çå½à¿¨
132669568,1,1,1,831,528,0,8-9Â¥Çå½à¿¨
132669568,1,1,1,832,528,0,8-9Â¥Çå½à¿¨
132669568,1,1,1,833,528,0,8-9Â¥Çå½à¿¨
132669568,1,1,1,834,528,0,8-9Â¥Çå½à¿¨
132669568,1,1,1,835,528,0,8-9Â¥Çå½à¿¨
132669568,1,1,1,836,528,0,8-9Â¥Çå½à¿¨
132669568,1,1,1,837,528,0,8-9Â¥Çå½à¿¨
132669568,1,1,1,838,528,0,8-9Â¥Çå½à¿¨
132669568,1,1,1,839,528,0,8-9Â¥Çå½à¿¨
132669568,1,1,1,840,528,0,8-9Â¥Çå½à¿¨
132669568,1,1,1,888,528,0,8-9Â¥Çå½à¿¨
132669568,1,1,1,901,528,0,8-9Â¥Çå½à¿¨
132669568,1,1,1,902,528,0,8-9Â¥Çå½à¿¨
132669568,1,1,1,903,528,0,8-9Â¥Çå½à¿¨
132669568,1,1,1,904,528,0,8-9Â¥Çå½à¿¨
132669568,1,1,1,905,528,0,8-9Â¥Çå½à¿¨
132669568,1,1,1,906,528,0,8-9Â¥Çå½à¿¨
132669568,1,1,1,907,528,0,8-9Â¥Çå½à¿¨
132669568,1,1,1,908,528,0,8-9Â¥Çå½à¿¨
132669568,1,1,1,909,528,0,8-9Â¥Çå½à¿¨
132669568,1,1,1,910,528,0,8-9Â¥Çå½à¿¨
132669568,1,1,1,911,528,0,8-9Â¥Çå½à¿¨
132669568,1,1,1,912,528,0,8-9Â¥Çå½à¿¨
132669568,1,1,1,913,528,0,8-9Â¥Çå½à¿¨
132669568,1,1,1,914,528,0,8-9Â¥Çå½à¿¨
132669568,1,1,1,915,528,0,8-9Â¥Çå½à¿¨
132669568,1,1,1,916,528,0,8-9Â¥Çå½à¿¨
132669568,1,1,1,917,528,0,8-9Â¥Çå½à¿¨
132669568,1,1,1,918,528,0,8-9Â¥Çå½à¿¨
132669568,1,1,1,919,528,0,8-9Â¥Çå½à¿¨
132669568,1,1,1,920,528,0,8-9Â¥Çå½à¿¨
132669568,1,1,1,921,528,0,8-9Â¥Çå½à¿¨
132669568,1,1,1,922,528,0,8-9Â¥Çå½à¿¨
132669568,1,1,1,923,528,0,8-9Â¥Çå½à¿¨
132669568,1,1,1,925,528,0,8-9Â¥Çå½à¿¨
132669568,1,1,1,926,528,0,8-9Â¥Çå½à¿¨
132669568,1,1,1,927,528,0,8-9Â¥Çå½à¿¨
132669568,1,1,1,928,528,0,8-9Â¥Çå½à¿¨
132669568,1,1,1,929,528,0,8-9Â¥Çå½à¿¨
132669568,1,1,1,930,528,0,8-9Â¥Çå½à¿¨
132669568,1,1,1,931,528,0,8-9Â¥Çå½à¿¨
132669568,1,1,1,932,528,0,8-9Â¥Çå½à¿¨
132669568,1,1,1,933,528,0,8-9Â¥Çå½à¿¨
132669568,1,1,1,934,528,0,8-9Â¥Çå½à¿¨
132669568,1,1,1,935,528,0,8-9Â¥Çå½à¿¨
132669568,1,1,1,936,528,0,8-9Â¥Çå½à¿¨
132669568,1,1,1,937,528,0,8-9Â¥Çå½à¿¨
132669568,1,1,1,938,528,0,8-9Â¥Çå½à¿¨
132669568,1,1,1,939,528,0,8-9Â¥Çå½à¿¨
132669568,1,1,1,940,528,0,8-9Â¥Çå½à¿¨
132669568,1,1,1,988,528,0,8-9Â¥Çå½à¿¨
1402774312,1,1,1,1801,529,0,18-19Â¥Çå½à¿¨
1402774312,1,1,1,1802,529,0,18-19Â¥Çå½à¿¨
1402774312,1,1,1,1803,529,0,18-19Â¥Çå½à¿¨
1402774312,1,1,1,1804,529,0,18-19Â¥Çå½à¿¨
1402774312,1,1,1,1805,529,0,18-19Â¥Çå½à¿¨
1402774312,1,1,1,1806,529,0,18-19Â¥Çå½à¿¨
1402774312,1,1,1,1818,529,0,18-19Â¥Çå½à¿¨
1402774312,1,1,1,1828,529,0,18-19Â¥Çå½à¿¨
1402774312,1,1,1,1840,529,0,18-19Â¥Çå½à¿¨
1402774312,1,1,1,1888,529,0,18-19Â¥Çå½à¿¨
1402774312,1,1,1,1901,529,0,18-19Â¥Çå½à¿¨
1402774312,1,1,1,1902,529,0,18-19Â¥Çå½à¿¨
1402774312,1,1,1,1903,529,0,18-19Â¥Çå½à¿¨
1402774312,1,1,1,1904,529,0,18-19Â¥Çå½à¿¨
1402774312,1,1,1,1905,529,0,18-19Â¥Çå½à¿¨
1402774312,1,1,1,1906,529,0,18-19Â¥Çå½à¿¨
1402774312,1,1,1,1908,529,0,18-19Â¥Çå½à¿¨
1402774312,1,1,1,1909,529,0,18-19Â¥Çå½à¿¨
1402774312,1,1,1,1910,529,0,18-19Â¥Çå½à¿¨
1402774312,1,1,1,1912,529,0,18-19Â¥Çå½à¿¨
1402774312,1,1,1,1918,529,0,18-19Â¥Çå½à¿¨
1402774312,1,1,1,1940,529,0,18-19Â¥Çå½à¿¨
1402774312,1,1,1,1988,529,0,18-19Â¥Çå½à¿¨
-135619168,1,1,1,1639,530,0,16-19Â¥²Ö¹Ü¿¨
-135619168,1,1,1,1640,530,0,16-19Â¥²Ö¹Ü¿¨
-135619168,1,1,1,1739,530,0,16-19Â¥²Ö¹Ü¿¨
-135619168,1,1,1,1740,530,0,16-19Â¥²Ö¹Ü¿¨
-135619168,1,1,1,1840,530,0,16-19Â¥²Ö¹Ü¿¨
-135619168,1,1,1,1940,530,0,16-19Â¥²Ö¹Ü¿¨
-638504405,1,1,1,1239,531,0,12-15Â¥²Ö¹Ü¿¨
-638504405,1,1,1,1240,531,0,12-15Â¥²Ö¹Ü¿¨
-638504405,1,1,1,1241,531,0,12-15Â¥²Ö¹Ü¿¨
-638504405,1,1,1,1339,531,0,12-15Â¥²Ö¹Ü¿¨
-638504405,1,1,1,1340,531,0,12-15Â¥²Ö¹Ü¿¨
-638504405,1,1,1,1341,531,0,12-15Â¥²Ö¹Ü¿¨
-638504405,1,1,1,1439,531,0,12-15Â¥²Ö¹Ü¿¨
-638504405,1,1,1,1440,531,0,12-15Â¥²Ö¹Ü¿¨
-638504405,1,1,1,1539,531,0,12-15Â¥²Ö¹Ü¿¨
-638504405,1,1,1,1540,531,0,12-15Â¥²Ö¹Ü¿¨
296255775,1,1,1,1239,532,0,12-15Â¥²Ö¹Ü¿¨
296255775,1,1,1,1240,532,0,12-15Â¥²Ö¹Ü¿¨
296255775,1,1,1,1241,532,0,12-15Â¥²Ö¹Ü¿¨
1221479277,1,1,1,839,533,0,8-11Â¥²Ö¹Ü¿¨
1221479277,1,1,1,840,533,0,8-11Â¥²Ö¹Ü¿¨
1221479277,1,1,1,939,533,0,8-11Â¥²Ö¹Ü¿¨
1221479277,1,1,1,940,533,0,8-11Â¥²Ö¹Ü¿¨
1221479277,1,1,1,1039,533,0,8-11Â¥²Ö¹Ü¿¨
1221479277,1,1,1,1040,533,0,8-11Â¥²Ö¹Ü¿¨
1221479277,1,1,1,1041,533,0,8-11Â¥²Ö¹Ü¿¨
1221479277,1,1,1,1139,533,0,8-11Â¥²Ö¹Ü¿¨
1221479277,1,1,1,1140,533,0,8-11Â¥²Ö¹Ü¿¨
1221479277,1,1,1,1141,533,0,8-11Â¥²Ö¹Ü¿¨
1221479277,1,1,1,1039,533,0,8-11Â¥²Ö¹Ü¿¨
1221479277,1,1,1,1040,533,0,8-11Â¥²Ö¹Ü¿¨
1221479277,1,1,1,1041,533,0,8-11Â¥²Ö¹Ü¿¨
-4305166,1,1,1,440,534,0,4-7Â¥²Ö¹Ü¿¨
-4305166,1,1,1,539,534,0,4-7Â¥²Ö¹Ü¿¨
-4305166,1,1,1,540,534,0,4-7Â¥²Ö¹Ü¿¨
-4305166,1,1,1,639,534,0,4-7Â¥²Ö¹Ü¿¨
-4305166,1,1,1,640,534,0,4-7Â¥²Ö¹Ü¿¨
-4305166,1,1,1,739,534,0,4-7Â¥²Ö¹Ü¿¨
-4305166,1,1,1,740,534,0,4-7Â¥²Ö¹Ü¿¨
-4305166,1,1,1,639,534,0,4-7Â¥²Ö¹Ü¿¨
-4305166,1,1,1,640,534,0,4-7Â¥²Ö¹Ü¿¨
-937111623,1,1,1,440,535,0,4-19Â¥×Ü²Ö¹Ü
-937111623,1,1,1,539,535,0,4-19Â¥×Ü²Ö¹Ü
-937111623,1,1,1,540,535,0,4-19Â¥×Ü²Ö¹Ü
-937111623,1,1,1,639,535,0,4-19Â¥×Ü²Ö¹Ü
-937111623,1,1,1,640,535,0,4-19Â¥×Ü²Ö¹Ü
-937111623,1,1,1,739,535,0,4-19Â¥×Ü²Ö¹Ü
-937111623,1,1,1,740,535,0,4-19Â¥×Ü²Ö¹Ü
-937111623,1,1,1,839,535,0,4-19Â¥×Ü²Ö¹Ü
-937111623,1,1,1,840,535,0,4-19Â¥×Ü²Ö¹Ü
-937111623,1,1,1,939,535,0,4-19Â¥×Ü²Ö¹Ü
-937111623,1,1,1,940,535,0,4-19Â¥×Ü²Ö¹Ü
-937111623,1,1,1,1039,535,0,4-19Â¥×Ü²Ö¹Ü
-937111623,1,1,1,1040,535,0,4-19Â¥×Ü²Ö¹Ü
-937111623,1,1,1,1041,535,0,4-19Â¥×Ü²Ö¹Ü
-937111623,1,1,1,1139,535,0,4-19Â¥×Ü²Ö¹Ü
-937111623,1,1,1,1140,535,0,4-19Â¥×Ü²Ö¹Ü
-937111623,1,1,1,1141,535,0,4-19Â¥×Ü²Ö¹Ü
-937111623,1,1,1,1239,535,0,4-19Â¥×Ü²Ö¹Ü
-937111623,1,1,1,1240,535,0,4-19Â¥×Ü²Ö¹Ü
-937111623,1,1,1,1241,535,0,4-19Â¥×Ü²Ö¹Ü
-937111623,1,1,1,1339,535,0,4-19Â¥×Ü²Ö¹Ü
-937111623,1,1,1,1340,535,0,4-19Â¥×Ü²Ö¹Ü
-937111623,1,1,1,1341,535,0,4-19Â¥×Ü²Ö¹Ü
-937111623,1,1,1,1439,535,0,4-19Â¥×Ü²Ö¹Ü
-937111623,1,1,1,1440,535,0,4-19Â¥×Ü²Ö¹Ü
-937111623,1,1,1,1539,535,0,4-19Â¥×Ü²Ö¹Ü
-937111623,1,1,1,1540,535,0,4-19Â¥×Ü²Ö¹Ü
-937111623,1,1,1,1639,535,0,4-19Â¥×Ü²Ö¹Ü
-937111623,1,1,1,1640,535,0,4-19Â¥×Ü²Ö¹Ü
-937111623,1,1,1,1739,535,0,4-19Â¥×Ü²Ö¹Ü
-937111623,1,1,1,1740,535,0,4-19Â¥×Ü²Ö¹Ü
-937111623,1,1,1,1840,535,0,4-19Â¥×Ü²Ö¹Ü
-937111623,1,1,1,1940,535,0,4-19Â¥×Ü²Ö¹Ü
-199981540,1,1,1,401,536,0,4-7Â¥²é·¿¿¨
-199981540,1,1,1,402,536,0,4-7Â¥²é·¿¿¨
-199981540,1,1,1,403,536,0,4-7Â¥²é·¿¿¨
-199981540,1,1,1,404,536,0,4-7Â¥²é·¿¿¨
-199981540,1,1,1,405,536,0,4-7Â¥²é·¿¿¨
-199981540,1,1,1,406,536,0,4-7Â¥²é·¿¿¨
-199981540,1,1,1,407,536,0,4-7Â¥²é·¿¿¨
-199981540,1,1,1,408,536,0,4-7Â¥²é·¿¿¨
-199981540,1,1,1,409,536,0,4-7Â¥²é·¿¿¨
-199981540,1,1,1,410,536,0,4-7Â¥²é·¿¿¨
-199981540,1,1,1,411,536,0,4-7Â¥²é·¿¿¨
-199981540,1,1,1,412,536,0,4-7Â¥²é·¿¿¨
-199981540,1,1,1,413,536,0,4-7Â¥²é·¿¿¨
-199981540,1,1,1,414,536,0,4-7Â¥²é·¿¿¨
-199981540,1,1,1,415,536,0,4-7Â¥²é·¿¿¨
-199981540,1,1,1,416,536,0,4-7Â¥²é·¿¿¨
-199981540,1,1,1,417,536,0,4-7Â¥²é·¿¿¨
-199981540,1,1,1,418,536,0,4-7Â¥²é·¿¿¨
-199981540,1,1,1,419,536,0,4-7Â¥²é·¿¿¨
-199981540,1,1,1,420,536,0,4-7Â¥²é·¿¿¨
-199981540,1,1,1,422,536,0,4-7Â¥²é·¿¿¨
-199981540,1,1,1,440,536,0,4-7Â¥²é·¿¿¨
-199981540,1,1,1,488,536,0,4-7Â¥²é·¿¿¨
-199981540,1,1,1,501,536,0,4-7Â¥²é·¿¿¨
-199981540,1,1,1,502,536,0,4-7Â¥²é·¿¿¨
-199981540,1,1,1,503,536,0,4-7Â¥²é·¿¿¨
-199981540,1,1,1,504,536,0,4-7Â¥²é·¿¿¨
-199981540,1,1,1,505,536,0,4-7Â¥²é·¿¿¨
-199981540,1,1,1,506,536,0,4-7Â¥²é·¿¿¨
-199981540,1,1,1,507,536,0,4-7Â¥²é·¿¿¨
-199981540,1,1,1,508,536,0,4-7Â¥²é·¿¿¨
-199981540,1,1,1,509,536,0,4-7Â¥²é·¿¿¨
-199981540,1,1,1,510,536,0,4-7Â¥²é·¿¿¨
-199981540,1,1,1,511,536,0,4-7Â¥²é·¿¿¨
-199981540,1,1,1,512,536,0,4-7Â¥²é·¿¿¨
-199981540,1,1,1,513,536,0,4-7Â¥²é·¿¿¨
-199981540,1,1,1,514,536,0,4-7Â¥²é·¿¿¨
-199981540,1,1,1,515,536,0,4-7Â¥²é·¿¿¨
-199981540,1,1,1,516,536,0,4-7Â¥²é·¿¿¨
-199981540,1,1,1,517,536,0,4-7Â¥²é·¿¿¨
-199981540,1,1,1,518,536,0,4-7Â¥²é·¿¿¨
-199981540,1,1,1,519,536,0,4-7Â¥²é·¿¿¨
-199981540,1,1,1,520,536,0,4-7Â¥²é·¿¿¨
-199981540,1,1,1,521,536,0,4-7Â¥²é·¿¿¨
-199981540,1,1,1,522,536,0,4-7Â¥²é·¿¿¨
-199981540,1,1,1,523,536,0,4-7Â¥²é·¿¿¨
-199981540,1,1,1,525,536,0,4-7Â¥²é·¿¿¨
-199981540,1,1,1,526,536,0,4-7Â¥²é·¿¿¨
-199981540,1,1,1,527,536,0,4-7Â¥²é·¿¿¨
-199981540,1,1,1,528,536,0,4-7Â¥²é·¿¿¨
-199981540,1,1,1,529,536,0,4-7Â¥²é·¿¿¨
-199981540,1,1,1,530,536,0,4-7Â¥²é·¿¿¨
-199981540,1,1,1,531,536,0,4-7Â¥²é·¿¿¨
-199981540,1,1,1,532,536,0,4-7Â¥²é·¿¿¨
-199981540,1,1,1,533,536,0,4-7Â¥²é·¿¿¨
-199981540,1,1,1,534,536,0,4-7Â¥²é·¿¿¨
-199981540,1,1,1,535,536,0,4-7Â¥²é·¿¿¨
-199981540,1,1,1,536,536,0,4-7Â¥²é·¿¿¨
-199981540,1,1,1,537,536,0,4-7Â¥²é·¿¿¨
-199981540,1,1,1,538,536,0,4-7Â¥²é·¿¿¨
-199981540,1,1,1,539,536,0,4-7Â¥²é·¿¿¨
-199981540,1,1,1,540,536,0,4-7Â¥²é·¿¿¨
-199981540,1,1,1,601,536,0,4-7Â¥²é·¿¿¨
-199981540,1,1,1,602,536,0,4-7Â¥²é·¿¿¨
-199981540,1,1,1,603,536,0,4-7Â¥²é·¿¿¨
-199981540,1,1,1,604,536,0,4-7Â¥²é·¿¿¨
-199981540,1,1,1,605,536,0,4-7Â¥²é·¿¿¨
-199981540,1,1,1,606,536,0,4-7Â¥²é·¿¿¨
-199981540,1,1,1,607,536,0,4-7Â¥²é·¿¿¨
-199981540,1,1,1,608,536,0,4-7Â¥²é·¿¿¨
-199981540,1,1,1,609,536,0,4-7Â¥²é·¿¿¨
-199981540,1,1,1,610,536,0,4-7Â¥²é·¿¿¨
-199981540,1,1,1,611,536,0,4-7Â¥²é·¿¿¨
-199981540,1,1,1,612,536,0,4-7Â¥²é·¿¿¨
-199981540,1,1,1,613,536,0,4-7Â¥²é·¿¿¨
-199981540,1,1,1,614,536,0,4-7Â¥²é·¿¿¨
-199981540,1,1,1,615,536,0,4-7Â¥²é·¿¿¨
-199981540,1,1,1,616,536,0,4-7Â¥²é·¿¿¨
-199981540,1,1,1,617,536,0,4-7Â¥²é·¿¿¨
-199981540,1,1,1,618,536,0,4-7Â¥²é·¿¿¨
-199981540,1,1,1,620,536,0,4-7Â¥²é·¿¿¨
-199981540,1,1,1,621,536,0,4-7Â¥²é·¿¿¨
-199981540,1,1,1,622,536,0,4-7Â¥²é·¿¿¨
-199981540,1,1,1,623,536,0,4-7Â¥²é·¿¿¨
-199981540,1,1,1,625,536,0,4-7Â¥²é·¿¿¨
-199981540,1,1,1,626,536,0,4-7Â¥²é·¿¿¨
-199981540,1,1,1,627,536,0,4-7Â¥²é·¿¿¨
-199981540,1,1,1,628,536,0,4-7Â¥²é·¿¿¨
-199981540,1,1,1,629,536,0,4-7Â¥²é·¿¿¨
-199981540,1,1,1,630,536,0,4-7Â¥²é·¿¿¨
-199981540,1,1,1,631,536,0,4-7Â¥²é·¿¿¨
-199981540,1,1,1,632,536,0,4-7Â¥²é·¿¿¨
-199981540,1,1,1,633,536,0,4-7Â¥²é·¿¿¨
-199981540,1,1,1,634,536,0,4-7Â¥²é·¿¿¨
-199981540,1,1,1,635,536,0,4-7Â¥²é·¿¿¨
-199981540,1,1,1,636,536,0,4-7Â¥²é·¿¿¨
-199981540,1,1,1,637,536,0,4-7Â¥²é·¿¿¨
-199981540,1,1,1,638,536,0,4-7Â¥²é·¿¿¨
-199981540,1,1,1,639,536,0,4-7Â¥²é·¿¿¨
-199981540,1,1,1,640,536,0,4-7Â¥²é·¿¿¨
-199981540,1,1,1,688,536,0,4-7Â¥²é·¿¿¨
-199981540,1,1,1,701,536,0,4-7Â¥²é·¿¿¨
-199981540,1,1,1,702,536,0,4-7Â¥²é·¿¿¨
-199981540,1,1,1,703,536,0,4-7Â¥²é·¿¿¨
-199981540,1,1,1,704,536,0,4-7Â¥²é·¿¿¨
-199981540,1,1,1,705,536,0,4-7Â¥²é·¿¿¨
-199981540,1,1,1,706,536,0,4-7Â¥²é·¿¿¨
-199981540,1,1,1,707,536,0,4-7Â¥²é·¿¿¨
-199981540,1,1,1,708,536,0,4-7Â¥²é·¿¿¨
-199981540,1,1,1,709,536,0,4-7Â¥²é·¿¿¨
-199981540,1,1,1,710,536,0,4-7Â¥²é·¿¿¨
-199981540,1,1,1,711,536,0,4-7Â¥²é·¿¿¨
-199981540,1,1,1,712,536,0,4-7Â¥²é·¿¿¨
-199981540,1,1,1,713,536,0,4-7Â¥²é·¿¿¨
-199981540,1,1,1,714,536,0,4-7Â¥²é·¿¿¨
-199981540,1,1,1,715,536,0,4-7Â¥²é·¿¿¨
-199981540,1,1,1,716,536,0,4-7Â¥²é·¿¿¨
-199981540,1,1,1,717,536,0,4-7Â¥²é·¿¿¨
-199981540,1,1,1,718,536,0,4-7Â¥²é·¿¿¨
-199981540,1,1,1,719,536,0,4-7Â¥²é·¿¿¨
-199981540,1,1,1,720,536,0,4-7Â¥²é·¿¿¨
-199981540,1,1,1,721,536,0,4-7Â¥²é·¿¿¨
-199981540,1,1,1,722,536,0,4-7Â¥²é·¿¿¨
-199981540,1,1,1,723,536,0,4-7Â¥²é·¿¿¨
-199981540,1,1,1,725,536,0,4-7Â¥²é·¿¿¨
-199981540,1,1,1,726,536,0,4-7Â¥²é·¿¿¨
-199981540,1,1,1,727,536,0,4-7Â¥²é·¿¿¨
-199981540,1,1,1,728,536,0,4-7Â¥²é·¿¿¨
-199981540,1,1,1,729,536,0,4-7Â¥²é·¿¿¨
-199981540,1,1,1,730,536,0,4-7Â¥²é·¿¿¨
-199981540,1,1,1,731,536,0,4-7Â¥²é·¿¿¨
-199981540,1,1,1,732,536,0,4-7Â¥²é·¿¿¨
-199981540,1,1,1,733,536,0,4-7Â¥²é·¿¿¨
-199981540,1,1,1,734,536,0,4-7Â¥²é·¿¿¨
-199981540,1,1,1,735,536,0,4-7Â¥²é·¿¿¨
-199981540,1,1,1,736,536,0,4-7Â¥²é·¿¿¨
-199981540,1,1,1,738,536,0,4-7Â¥²é·¿¿¨
-199981540,1,1,1,739,536,0,4-7Â¥²é·¿¿¨
-199981540,1,1,1,740,536,0,4-7Â¥²é·¿¿¨
-199981540,1,1,1,788,536,0,4-7Â¥²é·¿¿¨
-1365434383,1,1,1,801,590,0,8-11Â¥²é·¿¿¨
-1365434383,1,1,1,802,590,0,8-11Â¥²é·¿¿¨
-1365434383,1,1,1,803,590,0,8-11Â¥²é·¿¿¨
-1365434383,1,1,1,804,590,0,8-11Â¥²é·¿¿¨
-1365434383,1,1,1,805,590,0,8-11Â¥²é·¿¿¨
-1365434383,1,1,1,806,590,0,8-11Â¥²é·¿¿¨
-1365434383,1,1,1,807,590,0,8-11Â¥²é·¿¿¨
-1365434383,1,1,1,808,590,0,8-11Â¥²é·¿¿¨
-1365434383,1,1,1,809,590,0,8-11Â¥²é·¿¿¨
-1365434383,1,1,1,810,590,0,8-11Â¥²é·¿¿¨
-1365434383,1,1,1,811,590,0,8-11Â¥²é·¿¿¨
-1365434383,1,1,1,812,590,0,8-11Â¥²é·¿¿¨
-1365434383,1,1,1,813,590,0,8-11Â¥²é·¿¿¨
-1365434383,1,1,1,814,590,0,8-11Â¥²é·¿¿¨
-1365434383,1,1,1,815,590,0,8-11Â¥²é·¿¿¨
-1365434383,1,1,1,816,590,0,8-11Â¥²é·¿¿¨
-1365434383,1,1,1,817,590,0,8-11Â¥²é·¿¿¨
-1365434383,1,1,1,818,590,0,8-11Â¥²é·¿¿¨
-1365434383,1,1,1,819,590,0,8-11Â¥²é·¿¿¨
-1365434383,1,1,1,820,590,0,8-11Â¥²é·¿¿¨
-1365434383,1,1,1,821,590,0,8-11Â¥²é·¿¿¨
-1365434383,1,1,1,822,590,0,8-11Â¥²é·¿¿¨
-1365434383,1,1,1,823,590,0,8-11Â¥²é·¿¿¨
-1365434383,1,1,1,825,590,0,8-11Â¥²é·¿¿¨
-1365434383,1,1,1,826,590,0,8-11Â¥²é·¿¿¨
-1365434383,1,1,1,827,590,0,8-11Â¥²é·¿¿¨
-1365434383,1,1,1,828,590,0,8-11Â¥²é·¿¿¨
-1365434383,1,1,1,829,590,0,8-11Â¥²é·¿¿¨
-1365434383,1,1,1,830,590,0,8-11Â¥²é·¿¿¨
-1365434383,1,1,1,831,590,0,8-11Â¥²é·¿¿¨
-1365434383,1,1,1,832,590,0,8-11Â¥²é·¿¿¨
-1365434383,1,1,1,833,590,0,8-11Â¥²é·¿¿¨
-1365434383,1,1,1,834,590,0,8-11Â¥²é·¿¿¨
-1365434383,1,1,1,835,590,0,8-11Â¥²é·¿¿¨
-1365434383,1,1,1,836,590,0,8-11Â¥²é·¿¿¨
-1365434383,1,1,1,837,590,0,8-11Â¥²é·¿¿¨
-1365434383,1,1,1,838,590,0,8-11Â¥²é·¿¿¨
-1365434383,1,1,1,839,590,0,8-11Â¥²é·¿¿¨
-1365434383,1,1,1,840,590,0,8-11Â¥²é·¿¿¨
-1365434383,1,1,1,888,590,0,8-11Â¥²é·¿¿¨
-1365434383,1,1,1,901,590,0,8-11Â¥²é·¿¿¨
-1365434383,1,1,1,902,590,0,8-11Â¥²é·¿¿¨
-1365434383,1,1,1,903,590,0,8-11Â¥²é·¿¿¨
-1365434383,1,1,1,904,590,0,8-11Â¥²é·¿¿¨
-1365434383,1,1,1,905,590,0,8-11Â¥²é·¿¿¨
-1365434383,1,1,1,906,590,0,8-11Â¥²é·¿¿¨
-1365434383,1,1,1,907,590,0,8-11Â¥²é·¿¿¨
-1365434383,1,1,1,908,590,0,8-11Â¥²é·¿¿¨
-1365434383,1,1,1,909,590,0,8-11Â¥²é·¿¿¨
-1365434383,1,1,1,910,590,0,8-11Â¥²é·¿¿¨
-1365434383,1,1,1,911,590,0,8-11Â¥²é·¿¿¨
-1365434383,1,1,1,912,590,0,8-11Â¥²é·¿¿¨
-1365434383,1,1,1,913,590,0,8-11Â¥²é·¿¿¨
-1365434383,1,1,1,914,590,0,8-11Â¥²é·¿¿¨
-1365434383,1,1,1,915,590,0,8-11Â¥²é·¿¿¨
-1365434383,1,1,1,916,590,0,8-11Â¥²é·¿¿¨
-1365434383,1,1,1,917,590,0,8-11Â¥²é·¿¿¨
-1365434383,1,1,1,918,590,0,8-11Â¥²é·¿¿¨
-1365434383,1,1,1,919,590,0,8-11Â¥²é·¿¿¨
-1365434383,1,1,1,920,590,0,8-11Â¥²é·¿¿¨
-1365434383,1,1,1,921,590,0,8-11Â¥²é·¿¿¨
-1365434383,1,1,1,922,590,0,8-11Â¥²é·¿¿¨
-1365434383,1,1,1,923,590,0,8-11Â¥²é·¿¿¨
-1365434383,1,1,1,925,590,0,8-11Â¥²é·¿¿¨
-1365434383,1,1,1,926,590,0,8-11Â¥²é·¿¿¨
-1365434383,1,1,1,927,590,0,8-11Â¥²é·¿¿¨
-1365434383,1,1,1,928,590,0,8-11Â¥²é·¿¿¨
-1365434383,1,1,1,929,590,0,8-11Â¥²é·¿¿¨
-1365434383,1,1,1,930,590,0,8-11Â¥²é·¿¿¨
-1365434383,1,1,1,931,590,0,8-11Â¥²é·¿¿¨
-1365434383,1,1,1,932,590,0,8-11Â¥²é·¿¿¨
-1365434383,1,1,1,933,590,0,8-11Â¥²é·¿¿¨
-1365434383,1,1,1,934,590,0,8-11Â¥²é·¿¿¨
-1365434383,1,1,1,935,590,0,8-11Â¥²é·¿¿¨
-1365434383,1,1,1,936,590,0,8-11Â¥²é·¿¿¨
-1365434383,1,1,1,937,590,0,8-11Â¥²é·¿¿¨
-1365434383,1,1,1,938,590,0,8-11Â¥²é·¿¿¨
-1365434383,1,1,1,939,590,0,8-11Â¥²é·¿¿¨
-1365434383,1,1,1,940,590,0,8-11Â¥²é·¿¿¨
-1365434383,1,1,1,988,590,0,8-11Â¥²é·¿¿¨
-1365434383,1,1,1,1001,590,0,8-11Â¥²é·¿¿¨
-1365434383,1,1,1,1003,590,0,8-11Â¥²é·¿¿¨
-1365434383,1,1,1,1004,590,0,8-11Â¥²é·¿¿¨
-1365434383,1,1,1,1005,590,0,8-11Â¥²é·¿¿¨
-1365434383,1,1,1,1006,590,0,8-11Â¥²é·¿¿¨
-1365434383,1,1,1,1007,590,0,8-11Â¥²é·¿¿¨
-1365434383,1,1,1,1008,590,0,8-11Â¥²é·¿¿¨
-1365434383,1,1,1,1009,590,0,8-11Â¥²é·¿¿¨
-1365434383,1,1,1,1010,590,0,8-11Â¥²é·¿¿¨
-1365434383,1,1,1,1011,590,0,8-11Â¥²é·¿¿¨
-1365434383,1,1,1,1012,590,0,8-11Â¥²é·¿¿¨
-1365434383,1,1,1,1013,590,0,8-11Â¥²é·¿¿¨
-1365434383,1,1,1,1014,590,0,8-11Â¥²é·¿¿¨
-1365434383,1,1,1,1015,590,0,8-11Â¥²é·¿¿¨
-1365434383,1,1,1,1016,590,0,8-11Â¥²é·¿¿¨
-1365434383,1,1,1,1017,590,0,8-11Â¥²é·¿¿¨
-1365434383,1,1,1,1018,590,0,8-11Â¥²é·¿¿¨
-1365434383,1,1,1,1019,590,0,8-11Â¥²é·¿¿¨
-1365434383,1,1,1,1020,590,0,8-11Â¥²é·¿¿¨
-1365434383,1,1,1,1021,590,0,8-11Â¥²é·¿¿¨
-1365434383,1,1,1,1022,590,0,8-11Â¥²é·¿¿¨
-1365434383,1,1,1,1023,590,0,8-11Â¥²é·¿¿¨
-1365434383,1,1,1,1025,590,0,8-11Â¥²é·¿¿¨
-1365434383,1,1,1,1026,590,0,8-11Â¥²é·¿¿¨
-1365434383,1,1,1,1027,590,0,8-11Â¥²é·¿¿¨
-1365434383,1,1,1,1028,590,0,8-11Â¥²é·¿¿¨
-1365434383,1,1,1,1029,590,0,8-11Â¥²é·¿¿¨
-1365434383,1,1,1,1030,590,0,8-11Â¥²é·¿¿¨
-1365434383,1,1,1,1031,590,0,8-11Â¥²é·¿¿¨
-1365434383,1,1,1,1032,590,0,8-11Â¥²é·¿¿¨
-1365434383,1,1,1,1033,590,0,8-11Â¥²é·¿¿¨
-1365434383,1,1,1,1034,590,0,8-11Â¥²é·¿¿¨
-1365434383,1,1,1,1035,590,0,8-11Â¥²é·¿¿¨
-1365434383,1,1,1,1036,590,0,8-11Â¥²é·¿¿¨
-1365434383,1,1,1,1037,590,0,8-11Â¥²é·¿¿¨
-1365434383,1,1,1,1038,590,0,8-11Â¥²é·¿¿¨
-1365434383,1,1,1,1039,590,0,8-11Â¥²é·¿¿¨
-1365434383,1,1,1,1040,590,0,8-11Â¥²é·¿¿¨
-1365434383,1,1,1,1041,590,0,8-11Â¥²é·¿¿¨
-1365434383,1,1,1,1088,590,0,8-11Â¥²é·¿¿¨
-1365434383,1,1,1,1101,590,0,8-11Â¥²é·¿¿¨
-1365434383,1,1,1,1102,590,0,8-11Â¥²é·¿¿¨
-1365434383,1,1,1,1103,590,0,8-11Â¥²é·¿¿¨
-1365434383,1,1,1,1104,590,0,8-11Â¥²é·¿¿¨
-1365434383,1,1,1,1105,590,0,8-11Â¥²é·¿¿¨
-1365434383,1,1,1,1106,590,0,8-11Â¥²é·¿¿¨
-1365434383,1,1,1,1107,590,0,8-11Â¥²é·¿¿¨
-1365434383,1,1,1,1108,590,0,8-11Â¥²é·¿¿¨
-1365434383,1,1,1,1109,590,0,8-11Â¥²é·¿¿¨
-1365434383,1,1,1,1110,590,0,8-11Â¥²é·¿¿¨
-1365434383,1,1,1,1111,590,0,8-11Â¥²é·¿¿¨
-1365434383,1,1,1,1112,590,0,8-11Â¥²é·¿¿¨
-1365434383,1,1,1,1113,590,0,8-11Â¥²é·¿¿¨
-1365434383,1,1,1,1114,590,0,8-11Â¥²é·¿¿¨
-1365434383,1,1,1,1115,590,0,8-11Â¥²é·¿¿¨
-1365434383,1,1,1,1116,590,0,8-11Â¥²é·¿¿¨
-1365434383,1,1,1,1117,590,0,8-11Â¥²é·¿¿¨
-1365434383,1,1,1,1118,590,0,8-11Â¥²é·¿¿¨
-1365434383,1,1,1,1119,590,0,8-11Â¥²é·¿¿¨
-1365434383,1,1,1,1120,590,0,8-11Â¥²é·¿¿¨
-1365434383,1,1,1,1121,590,0,8-11Â¥²é·¿¿¨
-1365434383,1,1,1,1122,590,0,8-11Â¥²é·¿¿¨
-1365434383,1,1,1,1123,590,0,8-11Â¥²é·¿¿¨
-1365434383,1,1,1,1125,590,0,8-11Â¥²é·¿¿¨
-1365434383,1,1,1,1126,590,0,8-11Â¥²é·¿¿¨
-1365434383,1,1,1,1127,590,0,8-11Â¥²é·¿¿¨
-1365434383,1,1,1,1128,590,0,8-11Â¥²é·¿¿¨
-455934398,1,1,1,101,667,0,19Â¥×Ü·¿¿¨
-1365434383,1,1,1,1130,590,0,8-11Â¥²é·¿¿¨
-1365434383,1,1,1,1131,590,0,8-11Â¥²é·¿¿¨
-1365434383,1,1,1,1132,590,0,8-11Â¥²é·¿¿¨
-1365434383,1,1,1,1133,590,0,8-11Â¥²é·¿¿¨
-1365434383,1,1,1,1134,590,0,8-11Â¥²é·¿¿¨
-1365434383,1,1,1,1135,590,0,8-11Â¥²é·¿¿¨
-1365434383,1,1,1,1136,590,0,8-11Â¥²é·¿¿¨
-1365434383,1,1,1,1137,590,0,8-11Â¥²é·¿¿¨
-1365434383,1,1,1,1138,590,0,8-11Â¥²é·¿¿¨
-1365434383,1,1,1,1139,590,0,8-11Â¥²é·¿¿¨
-1365434383,1,1,1,1140,590,0,8-11Â¥²é·¿¿¨
-1365434383,1,1,1,1141,590,0,8-11Â¥²é·¿¿¨
-1365434383,1,1,1,1188,590,0,8-11Â¥²é·¿¿¨
-455228694,1,1,1,1201,591,0,12-15Â¥²é·¿¿¨
-455228694,1,1,1,1202,591,0,12-15Â¥²é·¿¿¨
-455228694,1,1,1,1203,591,0,12-15Â¥²é·¿¿¨
-455228694,1,1,1,1204,591,0,12-15Â¥²é·¿¿¨
-455228694,1,1,1,1205,591,0,12-15Â¥²é·¿¿¨
-455228694,1,1,1,1206,591,0,12-15Â¥²é·¿¿¨
-455228694,1,1,1,1207,591,0,12-15Â¥²é·¿¿¨
-455228694,1,1,1,1208,591,0,12-15Â¥²é·¿¿¨
-455228694,1,1,1,1209,591,0,12-15Â¥²é·¿¿¨
-455228694,1,1,1,1210,591,0,12-15Â¥²é·¿¿¨
-455228694,1,1,1,1211,591,0,12-15Â¥²é·¿¿¨
-455228694,1,1,1,1212,591,0,12-15Â¥²é·¿¿¨
-455228694,1,1,1,1213,591,0,12-15Â¥²é·¿¿¨
-455228694,1,1,1,1214,591,0,12-15Â¥²é·¿¿¨
-455228694,1,1,1,1215,591,0,12-15Â¥²é·¿¿¨
-455228694,1,1,1,1216,591,0,12-15Â¥²é·¿¿¨
-455228694,1,1,1,1217,591,0,12-15Â¥²é·¿¿¨
-455228694,1,1,1,1218,591,0,12-15Â¥²é·¿¿¨
-455228694,1,1,1,1219,591,0,12-15Â¥²é·¿¿¨
-455228694,1,1,1,1220,591,0,12-15Â¥²é·¿¿¨
-455228694,1,1,1,1221,591,0,12-15Â¥²é·¿¿¨
-455228694,1,1,1,1222,591,0,12-15Â¥²é·¿¿¨
-455228694,1,1,1,1223,591,0,12-15Â¥²é·¿¿¨
-455228694,1,1,1,1225,591,0,12-15Â¥²é·¿¿¨
-455228694,1,1,1,1226,591,0,12-15Â¥²é·¿¿¨
-455228694,1,1,1,1227,591,0,12-15Â¥²é·¿¿¨
-455228694,1,1,1,1228,591,0,12-15Â¥²é·¿¿¨
-455228694,1,1,1,1229,591,0,12-15Â¥²é·¿¿¨
-455228694,1,1,1,1230,591,0,12-15Â¥²é·¿¿¨
-455228694,1,1,1,1231,591,0,12-15Â¥²é·¿¿¨
-455228694,1,1,1,1232,591,0,12-15Â¥²é·¿¿¨
-455228694,1,1,1,1233,591,0,12-15Â¥²é·¿¿¨
-455228694,1,1,1,1234,591,0,12-15Â¥²é·¿¿¨
-455228694,1,1,1,1235,591,0,12-15Â¥²é·¿¿¨
-455228694,1,1,1,1236,591,0,12-15Â¥²é·¿¿¨
-455228694,1,1,1,1237,591,0,12-15Â¥²é·¿¿¨
-455228694,1,1,1,1238,591,0,12-15Â¥²é·¿¿¨
-455228694,1,1,1,1239,591,0,12-15Â¥²é·¿¿¨
-455228694,1,1,1,1240,591,0,12-15Â¥²é·¿¿¨
-455228694,1,1,1,1241,591,0,12-15Â¥²é·¿¿¨
-455228694,1,1,1,1288,591,0,12-15Â¥²é·¿¿¨
-455228694,1,1,1,1301,591,0,12-15Â¥²é·¿¿¨
-455228694,1,1,1,1302,591,0,12-15Â¥²é·¿¿¨
-455228694,1,1,1,1303,591,0,12-15Â¥²é·¿¿¨
-455228694,1,1,1,1304,591,0,12-15Â¥²é·¿¿¨
-455228694,1,1,1,1305,591,0,12-15Â¥²é·¿¿¨
-455228694,1,1,1,1306,591,0,12-15Â¥²é·¿¿¨
-455228694,1,1,1,1307,591,0,12-15Â¥²é·¿¿¨
-455228694,1,1,1,1308,591,0,12-15Â¥²é·¿¿¨
-455228694,1,1,1,1309,591,0,12-15Â¥²é·¿¿¨
-455228694,1,1,1,1310,591,0,12-15Â¥²é·¿¿¨
-455228694,1,1,1,1311,591,0,12-15Â¥²é·¿¿¨
-455228694,1,1,1,1312,591,0,12-15Â¥²é·¿¿¨
-455228694,1,1,1,1313,591,0,12-15Â¥²é·¿¿¨
-455228694,1,1,1,1314,591,0,12-15Â¥²é·¿¿¨
-455228694,1,1,1,1315,591,0,12-15Â¥²é·¿¿¨
-455228694,1,1,1,1316,591,0,12-15Â¥²é·¿¿¨
-455228694,1,1,1,1317,591,0,12-15Â¥²é·¿¿¨
-455228694,1,1,1,1318,591,0,12-15Â¥²é·¿¿¨
-455228694,1,1,1,1319,591,0,12-15Â¥²é·¿¿¨
-455228694,1,1,1,1320,591,0,12-15Â¥²é·¿¿¨
-455228694,1,1,1,1321,591,0,12-15Â¥²é·¿¿¨
-455228694,1,1,1,1322,591,0,12-15Â¥²é·¿¿¨
-455228694,1,1,1,1323,591,0,12-15Â¥²é·¿¿¨
-455228694,1,1,1,1325,591,0,12-15Â¥²é·¿¿¨
-455228694,1,1,1,1326,591,0,12-15Â¥²é·¿¿¨
-455228694,1,1,1,1327,591,0,12-15Â¥²é·¿¿¨
-455228694,1,1,1,1328,591,0,12-15Â¥²é·¿¿¨
-455228694,1,1,1,1329,591,0,12-15Â¥²é·¿¿¨
-455228694,1,1,1,1330,591,0,12-15Â¥²é·¿¿¨
-455228694,1,1,1,1331,591,0,12-15Â¥²é·¿¿¨
-455228694,1,1,1,1332,591,0,12-15Â¥²é·¿¿¨
-455228694,1,1,1,1333,591,0,12-15Â¥²é·¿¿¨
-455228694,1,1,1,1339,591,0,12-15Â¥²é·¿¿¨
-455228694,1,1,1,1340,591,0,12-15Â¥²é·¿¿¨
-455228694,1,1,1,1341,591,0,12-15Â¥²é·¿¿¨
-455228694,1,1,1,1388,591,0,12-15Â¥²é·¿¿¨
-455228694,1,1,1,1401,591,0,12-15Â¥²é·¿¿¨
-455228694,1,1,1,1402,591,0,12-15Â¥²é·¿¿¨
-455228694,1,1,1,1403,591,0,12-15Â¥²é·¿¿¨
-455228694,1,1,1,1405,591,0,12-15Â¥²é·¿¿¨
-455228694,1,1,1,1406,591,0,12-15Â¥²é·¿¿¨
-455228694,1,1,1,1407,591,0,12-15Â¥²é·¿¿¨
-455228694,1,1,1,1408,591,0,12-15Â¥²é·¿¿¨
-455228694,1,1,1,1410,591,0,12-15Â¥²é·¿¿¨
-455228694,1,1,1,1411,591,0,12-15Â¥²é·¿¿¨
-455228694,1,1,1,1412,591,0,12-15Â¥²é·¿¿¨
-455228694,1,1,1,1413,591,0,12-15Â¥²é·¿¿¨
-455228694,1,1,1,1415,591,0,12-15Â¥²é·¿¿¨
-455228694,1,1,1,1416,591,0,12-15Â¥²é·¿¿¨
-455228694,1,1,1,1417,591,0,12-15Â¥²é·¿¿¨
-455228694,1,1,1,1419,591,0,12-15Â¥²é·¿¿¨
-455228694,1,1,1,1421,591,0,12-15Â¥²é·¿¿¨
-455228694,1,1,1,1423,591,0,12-15Â¥²é·¿¿¨
-455228694,1,1,1,1425,591,0,12-15Â¥²é·¿¿¨
-455228694,1,1,1,1426,591,0,12-15Â¥²é·¿¿¨
-455228694,1,1,1,1427,591,0,12-15Â¥²é·¿¿¨
-455228694,1,1,1,1428,591,0,12-15Â¥²é·¿¿¨
-455228694,1,1,1,1430,591,0,12-15Â¥²é·¿¿¨
-455228694,1,1,1,1432,591,0,12-15Â¥²é·¿¿¨
-455228694,1,1,1,1439,591,0,12-15Â¥²é·¿¿¨
-455228694,1,1,1,1440,591,0,12-15Â¥²é·¿¿¨
-455228694,1,1,1,1488,591,0,12-15Â¥²é·¿¿¨
-455228694,1,1,1,1501,591,0,12-15Â¥²é·¿¿¨
-455228694,1,1,1,1502,591,0,12-15Â¥²é·¿¿¨
-455228694,1,1,1,1503,591,0,12-15Â¥²é·¿¿¨
-455228694,1,1,1,1505,591,0,12-15Â¥²é·¿¿¨
-455228694,1,1,1,1506,591,0,12-15Â¥²é·¿¿¨
-455228694,1,1,1,1507,591,0,12-15Â¥²é·¿¿¨
-455228694,1,1,1,1508,591,0,12-15Â¥²é·¿¿¨
-455228694,1,1,1,1509,591,0,12-15Â¥²é·¿¿¨
-455228694,1,1,1,1511,591,0,12-15Â¥²é·¿¿¨
-455228694,1,1,1,1512,591,0,12-15Â¥²é·¿¿¨
-455228694,1,1,1,1513,591,0,12-15Â¥²é·¿¿¨
-455228694,1,1,1,1514,591,0,12-15Â¥²é·¿¿¨
-455228694,1,1,1,1515,591,0,12-15Â¥²é·¿¿¨
-455228694,1,1,1,1516,591,0,12-15Â¥²é·¿¿¨
-455228694,1,1,1,1517,591,0,12-15Â¥²é·¿¿¨
-455228694,1,1,1,1518,591,0,12-15Â¥²é·¿¿¨
-455228694,1,1,1,1519,591,0,12-15Â¥²é·¿¿¨
-455228694,1,1,1,1520,591,0,12-15Â¥²é·¿¿¨
-455228694,1,1,1,1521,591,0,12-15Â¥²é·¿¿¨
-455228694,1,1,1,1522,591,0,12-15Â¥²é·¿¿¨
-455228694,1,1,1,1523,591,0,12-15Â¥²é·¿¿¨
-455228694,1,1,1,1525,591,0,12-15Â¥²é·¿¿¨
-455228694,1,1,1,1526,591,0,12-15Â¥²é·¿¿¨
-455228694,1,1,1,1527,591,0,12-15Â¥²é·¿¿¨
-455228694,1,1,1,1528,591,0,12-15Â¥²é·¿¿¨
-455228694,1,1,1,1530,591,0,12-15Â¥²é·¿¿¨
-455228694,1,1,1,1532,591,0,12-15Â¥²é·¿¿¨
-455228694,1,1,1,1539,591,0,12-15Â¥²é·¿¿¨
-455228694,1,1,1,1540,591,0,12-15Â¥²é·¿¿¨
-455228694,1,1,1,1588,591,0,12-15Â¥²é·¿¿¨
-72748060,1,1,1,1601,592,0,16-19Â¥²é·¿¿¨
-72748060,1,1,1,1602,592,0,16-19Â¥²é·¿¿¨
-72748060,1,1,1,1603,592,0,16-19Â¥²é·¿¿¨
-72748060,1,1,1,1605,592,0,16-19Â¥²é·¿¿¨
-72748060,1,1,1,1606,592,0,16-19Â¥²é·¿¿¨
-72748060,1,1,1,1607,592,0,16-19Â¥²é·¿¿¨
-72748060,1,1,1,1608,592,0,16-19Â¥²é·¿¿¨
-72748060,1,1,1,1609,592,0,16-19Â¥²é·¿¿¨
-72748060,1,1,1,1611,592,0,16-19Â¥²é·¿¿¨
-72748060,1,1,1,1612,592,0,16-19Â¥²é·¿¿¨
-72748060,1,1,1,1613,592,0,16-19Â¥²é·¿¿¨
-72748060,1,1,1,1614,592,0,16-19Â¥²é·¿¿¨
-72748060,1,1,1,1615,592,0,16-19Â¥²é·¿¿¨
-72748060,1,1,1,1616,592,0,16-19Â¥²é·¿¿¨
-72748060,1,1,1,1617,592,0,16-19Â¥²é·¿¿¨
-72748060,1,1,1,1618,592,0,16-19Â¥²é·¿¿¨
-72748060,1,1,1,1619,592,0,16-19Â¥²é·¿¿¨
-72748060,1,1,1,1620,592,0,16-19Â¥²é·¿¿¨
-72748060,1,1,1,1621,592,0,16-19Â¥²é·¿¿¨
-72748060,1,1,1,1622,592,0,16-19Â¥²é·¿¿¨
-72748060,1,1,1,1623,592,0,16-19Â¥²é·¿¿¨
-72748060,1,1,1,1626,592,0,16-19Â¥²é·¿¿¨
-72748060,1,1,1,1628,592,0,16-19Â¥²é·¿¿¨
-72748060,1,1,1,1629,592,0,16-19Â¥²é·¿¿¨
-72748060,1,1,1,1639,592,0,16-19Â¥²é·¿¿¨
-72748060,1,1,1,1640,592,0,16-19Â¥²é·¿¿¨
-72748060,1,1,1,1688,592,0,16-19Â¥²é·¿¿¨
-72748060,1,1,1,1701,592,0,16-19Â¥²é·¿¿¨
-72748060,1,1,1,1702,592,0,16-19Â¥²é·¿¿¨
-72748060,1,1,1,1703,592,0,16-19Â¥²é·¿¿¨
-72748060,1,1,1,1704,592,0,16-19Â¥²é·¿¿¨
-72748060,1,1,1,1705,592,0,16-19Â¥²é·¿¿¨
-72748060,1,1,1,1706,592,0,16-19Â¥²é·¿¿¨
-72748060,1,1,1,1707,592,0,16-19Â¥²é·¿¿¨
-72748060,1,1,1,1708,592,0,16-19Â¥²é·¿¿¨
-72748060,1,1,1,1709,592,0,16-19Â¥²é·¿¿¨
-72748060,1,1,1,1710,592,0,16-19Â¥²é·¿¿¨
-72748060,1,1,1,1711,592,0,16-19Â¥²é·¿¿¨
-72748060,1,1,1,1712,592,0,16-19Â¥²é·¿¿¨
-72748060,1,1,1,1713,592,0,16-19Â¥²é·¿¿¨
-72748060,1,1,1,1714,592,0,16-19Â¥²é·¿¿¨
-72748060,1,1,1,1715,592,0,16-19Â¥²é·¿¿¨
-72748060,1,1,1,1716,592,0,16-19Â¥²é·¿¿¨
-72748060,1,1,1,1717,592,0,16-19Â¥²é·¿¿¨
-72748060,1,1,1,1718,592,0,16-19Â¥²é·¿¿¨
-72748060,1,1,1,1719,592,0,16-19Â¥²é·¿¿¨
-72748060,1,1,1,1720,592,0,16-19Â¥²é·¿¿¨
-72748060,1,1,1,1721,592,0,16-19Â¥²é·¿¿¨
-72748060,1,1,1,1722,592,0,16-19Â¥²é·¿¿¨
-72748060,1,1,1,1723,592,0,16-19Â¥²é·¿¿¨
-72748060,1,1,1,1725,592,0,16-19Â¥²é·¿¿¨
-72748060,1,1,1,1726,592,0,16-19Â¥²é·¿¿¨
-72748060,1,1,1,1727,592,0,16-19Â¥²é·¿¿¨
-72748060,1,1,1,1728,592,0,16-19Â¥²é·¿¿¨
-72748060,1,1,1,1729,592,0,16-19Â¥²é·¿¿¨
-72748060,1,1,1,1739,592,0,16-19Â¥²é·¿¿¨
-72748060,1,1,1,1740,592,0,16-19Â¥²é·¿¿¨
-72748060,1,1,1,1788,592,0,16-19Â¥²é·¿¿¨
-72748060,1,1,1,1801,592,0,16-19Â¥²é·¿¿¨
-72748060,1,1,1,1802,592,0,16-19Â¥²é·¿¿¨
-72748060,1,1,1,1803,592,0,16-19Â¥²é·¿¿¨
-72748060,1,1,1,1804,592,0,16-19Â¥²é·¿¿¨
-72748060,1,1,1,1805,592,0,16-19Â¥²é·¿¿¨
-72748060,1,1,1,1806,592,0,16-19Â¥²é·¿¿¨
-72748060,1,1,1,1818,592,0,16-19Â¥²é·¿¿¨
-72748060,1,1,1,1828,592,0,16-19Â¥²é·¿¿¨
-72748060,1,1,1,1840,592,0,16-19Â¥²é·¿¿¨
-72748060,1,1,1,1888,592,0,16-19Â¥²é·¿¿¨
-72748060,1,1,1,1901,592,0,16-19Â¥²é·¿¿¨
-72748060,1,1,1,1902,592,0,16-19Â¥²é·¿¿¨
-72748060,1,1,1,1903,592,0,16-19Â¥²é·¿¿¨
-72748060,1,1,1,1904,592,0,16-19Â¥²é·¿¿¨
-72748060,1,1,1,1905,592,0,16-19Â¥²é·¿¿¨
-72748060,1,1,1,1906,592,0,16-19Â¥²é·¿¿¨
-72748060,1,1,1,1908,592,0,16-19Â¥²é·¿¿¨
-72748060,1,1,1,1909,592,0,16-19Â¥²é·¿¿¨
-72748060,1,1,1,1910,592,0,16-19Â¥²é·¿¿¨
-72748060,1,1,1,1912,592,0,16-19Â¥²é·¿¿¨
-72748060,1,1,1,1918,592,0,16-19Â¥²é·¿¿¨
-72748060,1,1,1,1940,592,0,16-19Â¥²é·¿¿¨
-72748060,1,1,1,1988,592,0,16-19Â¥²é·¿¿¨
-341237261,1,1,1,401,593,0,4-19Â¥×Ü¿¨
-341237261,1,1,1,402,593,0,4-19Â¥×Ü¿¨
-341237261,1,1,1,403,593,0,4-19Â¥×Ü¿¨
-341237261,1,1,1,404,593,0,4-19Â¥×Ü¿¨
-341237261,1,1,1,405,593,0,4-19Â¥×Ü¿¨
-341237261,1,1,1,406,593,0,4-19Â¥×Ü¿¨
-341237261,1,1,1,407,593,0,4-19Â¥×Ü¿¨
-341237261,1,1,1,408,593,0,4-19Â¥×Ü¿¨
-341237261,1,1,1,409,593,0,4-19Â¥×Ü¿¨
-341237261,1,1,1,410,593,0,4-19Â¥×Ü¿¨
-341237261,1,1,1,411,593,0,4-19Â¥×Ü¿¨
-341237261,1,1,1,412,593,0,4-19Â¥×Ü¿¨
-341237261,1,1,1,413,593,0,4-19Â¥×Ü¿¨
-341237261,1,1,1,414,593,0,4-19Â¥×Ü¿¨
-341237261,1,1,1,415,593,0,4-19Â¥×Ü¿¨
-341237261,1,1,1,416,593,0,4-19Â¥×Ü¿¨
-341237261,1,1,1,417,593,0,4-19Â¥×Ü¿¨
-341237261,1,1,1,418,593,0,4-19Â¥×Ü¿¨
-341237261,1,1,1,419,593,0,4-19Â¥×Ü¿¨
-341237261,1,1,1,420,593,0,4-19Â¥×Ü¿¨
-341237261,1,1,1,422,593,0,4-19Â¥×Ü¿¨
-341237261,1,1,1,440,593,0,4-19Â¥×Ü¿¨
-341237261,1,1,1,488,593,0,4-19Â¥×Ü¿¨
-341237261,1,1,1,501,593,0,4-19Â¥×Ü¿¨
-341237261,1,1,1,502,593,0,4-19Â¥×Ü¿¨
-341237261,1,1,1,503,593,0,4-19Â¥×Ü¿¨
-341237261,1,1,1,504,593,0,4-19Â¥×Ü¿¨
-341237261,1,1,1,505,593,0,4-19Â¥×Ü¿¨
-341237261,1,1,1,506,593,0,4-19Â¥×Ü¿¨
-341237261,1,1,1,507,593,0,4-19Â¥×Ü¿¨
-341237261,1,1,1,508,593,0,4-19Â¥×Ü¿¨
-341237261,1,1,1,509,593,0,4-19Â¥×Ü¿¨
-341237261,1,1,1,510,593,0,4-19Â¥×Ü¿¨
-341237261,1,1,1,511,593,0,4-19Â¥×Ü¿¨
-341237261,1,1,1,512,593,0,4-19Â¥×Ü¿¨
-341237261,1,1,1,513,593,0,4-19Â¥×Ü¿¨
-341237261,1,1,1,514,593,0,4-19Â¥×Ü¿¨
-341237261,1,1,1,515,593,0,4-19Â¥×Ü¿¨
-341237261,1,1,1,516,593,0,4-19Â¥×Ü¿¨
-341237261,1,1,1,517,593,0,4-19Â¥×Ü¿¨
-341237261,1,1,1,518,593,0,4-19Â¥×Ü¿¨
-341237261,1,1,1,519,593,0,4-19Â¥×Ü¿¨
-341237261,1,1,1,520,593,0,4-19Â¥×Ü¿¨
-341237261,1,1,1,521,593,0,4-19Â¥×Ü¿¨
-341237261,1,1,1,522,593,0,4-19Â¥×Ü¿¨
-341237261,1,1,1,523,593,0,4-19Â¥×Ü¿¨
-341237261,1,1,1,525,593,0,4-19Â¥×Ü¿¨
-341237261,1,1,1,526,593,0,4-19Â¥×Ü¿¨
-341237261,1,1,1,527,593,0,4-19Â¥×Ü¿¨
-341237261,1,1,1,528,593,0,4-19Â¥×Ü¿¨
-341237261,1,1,1,529,593,0,4-19Â¥×Ü¿¨
-341237261,1,1,1,530,593,0,4-19Â¥×Ü¿¨
-341237261,1,1,1,531,593,0,4-19Â¥×Ü¿¨
-341237261,1,1,1,532,593,0,4-19Â¥×Ü¿¨
-341237261,1,1,1,533,593,0,4-19Â¥×Ü¿¨
-341237261,1,1,1,534,593,0,4-19Â¥×Ü¿¨
-341237261,1,1,1,535,593,0,4-19Â¥×Ü¿¨
-341237261,1,1,1,536,593,0,4-19Â¥×Ü¿¨
-341237261,1,1,1,537,593,0,4-19Â¥×Ü¿¨
-341237261,1,1,1,538,593,0,4-19Â¥×Ü¿¨
-341237261,1,1,1,539,593,0,4-19Â¥×Ü¿¨
-341237261,1,1,1,540,593,0,4-19Â¥×Ü¿¨
-341237261,1,1,1,601,593,0,4-19Â¥×Ü¿¨
-341237261,1,1,1,602,593,0,4-19Â¥×Ü¿¨
-341237261,1,1,1,603,593,0,4-19Â¥×Ü¿¨
-341237261,1,1,1,604,593,0,4-19Â¥×Ü¿¨
-341237261,1,1,1,605,593,0,4-19Â¥×Ü¿¨
-341237261,1,1,1,606,593,0,4-19Â¥×Ü¿¨
-341237261,1,1,1,607,593,0,4-19Â¥×Ü¿¨
-341237261,1,1,1,608,593,0,4-19Â¥×Ü¿¨
-341237261,1,1,1,609,593,0,4-19Â¥×Ü¿¨
-341237261,1,1,1,610,593,0,4-19Â¥×Ü¿¨
-341237261,1,1,1,611,593,0,4-19Â¥×Ü¿¨
-341237261,1,1,1,612,593,0,4-19Â¥×Ü¿¨
-341237261,1,1,1,613,593,0,4-19Â¥×Ü¿¨
-341237261,1,1,1,614,593,0,4-19Â¥×Ü¿¨
-341237261,1,1,1,615,593,0,4-19Â¥×Ü¿¨
-341237261,1,1,1,616,593,0,4-19Â¥×Ü¿¨
-341237261,1,1,1,617,593,0,4-19Â¥×Ü¿¨
-341237261,1,1,1,618,593,0,4-19Â¥×Ü¿¨
-341237261,1,1,1,620,593,0,4-19Â¥×Ü¿¨
-341237261,1,1,1,621,593,0,4-19Â¥×Ü¿¨
-341237261,1,1,1,622,593,0,4-19Â¥×Ü¿¨
-341237261,1,1,1,623,593,0,4-19Â¥×Ü¿¨
-341237261,1,1,1,625,593,0,4-19Â¥×Ü¿¨
-341237261,1,1,1,626,593,0,4-19Â¥×Ü¿¨
-341237261,1,1,1,627,593,0,4-19Â¥×Ü¿¨
-341237261,1,1,1,628,593,0,4-19Â¥×Ü¿¨
-341237261,1,1,1,629,593,0,4-19Â¥×Ü¿¨
-341237261,1,1,1,630,593,0,4-19Â¥×Ü¿¨
-341237261,1,1,1,631,593,0,4-19Â¥×Ü¿¨
-341237261,1,1,1,632,593,0,4-19Â¥×Ü¿¨
-341237261,1,1,1,633,593,0,4-19Â¥×Ü¿¨
-341237261,1,1,1,634,593,0,4-19Â¥×Ü¿¨
-341237261,1,1,1,635,593,0,4-19Â¥×Ü¿¨
-341237261,1,1,1,636,593,0,4-19Â¥×Ü¿¨
-341237261,1,1,1,637,593,0,4-19Â¥×Ü¿¨
-341237261,1,1,1,638,593,0,4-19Â¥×Ü¿¨
-341237261,1,1,1,639,593,0,4-19Â¥×Ü¿¨
-341237261,1,1,1,640,593,0,4-19Â¥×Ü¿¨
-341237261,1,1,1,688,593,0,4-19Â¥×Ü¿¨
-341237261,1,1,1,701,593,0,4-19Â¥×Ü¿¨
-341237261,1,1,1,702,593,0,4-19Â¥×Ü¿¨
-341237261,1,1,1,703,593,0,4-19Â¥×Ü¿¨
-341237261,1,1,1,704,593,0,4-19Â¥×Ü¿¨
-341237261,1,1,1,705,593,0,4-19Â¥×Ü¿¨
-341237261,1,1,1,706,593,0,4-19Â¥×Ü¿¨
-341237261,1,1,1,707,593,0,4-19Â¥×Ü¿¨
-341237261,1,1,1,708,593,0,4-19Â¥×Ü¿¨
-341237261,1,1,1,709,593,0,4-19Â¥×Ü¿¨
-341237261,1,1,1,710,593,0,4-19Â¥×Ü¿¨
-341237261,1,1,1,711,593,0,4-19Â¥×Ü¿¨
-341237261,1,1,1,712,593,0,4-19Â¥×Ü¿¨
-341237261,1,1,1,713,593,0,4-19Â¥×Ü¿¨
-341237261,1,1,1,714,593,0,4-19Â¥×Ü¿¨
-341237261,1,1,1,715,593,0,4-19Â¥×Ü¿¨
-341237261,1,1,1,716,593,0,4-19Â¥×Ü¿¨
-341237261,1,1,1,717,593,0,4-19Â¥×Ü¿¨
-341237261,1,1,1,718,593,0,4-19Â¥×Ü¿¨
-341237261,1,1,1,719,593,0,4-19Â¥×Ü¿¨
-341237261,1,1,1,720,593,0,4-19Â¥×Ü¿¨
-341237261,1,1,1,721,593,0,4-19Â¥×Ü¿¨
-341237261,1,1,1,722,593,0,4-19Â¥×Ü¿¨
-341237261,1,1,1,723,593,0,4-19Â¥×Ü¿¨
-341237261,1,1,1,725,593,0,4-19Â¥×Ü¿¨
-341237261,1,1,1,726,593,0,4-19Â¥×Ü¿¨
-341237261,1,1,1,727,593,0,4-19Â¥×Ü¿¨
-341237261,1,1,1,728,593,0,4-19Â¥×Ü¿¨
-341237261,1,1,1,729,593,0,4-19Â¥×Ü¿¨
-341237261,1,1,1,730,593,0,4-19Â¥×Ü¿¨
-341237261,1,1,1,731,593,0,4-19Â¥×Ü¿¨
-341237261,1,1,1,732,593,0,4-19Â¥×Ü¿¨
-341237261,1,1,1,733,593,0,4-19Â¥×Ü¿¨
-341237261,1,1,1,734,593,0,4-19Â¥×Ü¿¨
-341237261,1,1,1,735,593,0,4-19Â¥×Ü¿¨
-341237261,1,1,1,736,593,0,4-19Â¥×Ü¿¨
-341237261,1,1,1,738,593,0,4-19Â¥×Ü¿¨
-341237261,1,1,1,739,593,0,4-19Â¥×Ü¿¨
-341237261,1,1,1,740,593,0,4-19Â¥×Ü¿¨
-341237261,1,1,1,788,593,0,4-19Â¥×Ü¿¨
-341237261,1,1,1,801,593,0,4-19Â¥×Ü¿¨
-341237261,1,1,1,802,593,0,4-19Â¥×Ü¿¨
-341237261,1,1,1,803,593,0,4-19Â¥×Ü¿¨
-341237261,1,1,1,804,593,0,4-19Â¥×Ü¿¨
-341237261,1,1,1,805,593,0,4-19Â¥×Ü¿¨
-341237261,1,1,1,806,593,0,4-19Â¥×Ü¿¨
-341237261,1,1,1,807,593,0,4-19Â¥×Ü¿¨
-341237261,1,1,1,808,593,0,4-19Â¥×Ü¿¨
-341237261,1,1,1,809,593,0,4-19Â¥×Ü¿¨
-341237261,1,1,1,810,593,0,4-19Â¥×Ü¿¨
-341237261,1,1,1,811,593,0,4-19Â¥×Ü¿¨
-341237261,1,1,1,812,593,0,4-19Â¥×Ü¿¨
-341237261,1,1,1,813,593,0,4-19Â¥×Ü¿¨
-341237261,1,1,1,814,593,0,4-19Â¥×Ü¿¨
-341237261,1,1,1,815,593,0,4-19Â¥×Ü¿¨
-341237261,1,1,1,816,593,0,4-19Â¥×Ü¿¨
-341237261,1,1,1,817,593,0,4-19Â¥×Ü¿¨
-341237261,1,1,1,818,593,0,4-19Â¥×Ü¿¨
-341237261,1,1,1,819,593,0,4-19Â¥×Ü¿¨
-341237261,1,1,1,820,593,0,4-19Â¥×Ü¿¨
-341237261,1,1,1,821,593,0,4-19Â¥×Ü¿¨
-341237261,1,1,1,822,593,0,4-19Â¥×Ü¿¨
-341237261,1,1,1,823,593,0,4-19Â¥×Ü¿¨
-341237261,1,1,1,825,593,0,4-19Â¥×Ü¿¨
-341237261,1,1,1,826,593,0,4-19Â¥×Ü¿¨
-341237261,1,1,1,827,593,0,4-19Â¥×Ü¿¨
-341237261,1,1,1,828,593,0,4-19Â¥×Ü¿¨
-341237261,1,1,1,829,593,0,4-19Â¥×Ü¿¨
-341237261,1,1,1,830,593,0,4-19Â¥×Ü¿¨
-341237261,1,1,1,831,593,0,4-19Â¥×Ü¿¨
-341237261,1,1,1,832,593,0,4-19Â¥×Ü¿¨
-341237261,1,1,1,833,593,0,4-19Â¥×Ü¿¨
-341237261,1,1,1,834,593,0,4-19Â¥×Ü¿¨
-341237261,1,1,1,835,593,0,4-19Â¥×Ü¿¨
-341237261,1,1,1,836,593,0,4-19Â¥×Ü¿¨
-341237261,1,1,1,837,593,0,4-19Â¥×Ü¿¨
-341237261,1,1,1,838,593,0,4-19Â¥×Ü¿¨
-341237261,1,1,1,839,593,0,4-19Â¥×Ü¿¨
-341237261,1,1,1,840,593,0,4-19Â¥×Ü¿¨
-341237261,1,1,1,888,593,0,4-19Â¥×Ü¿¨
-341237261,1,1,1,901,593,0,4-19Â¥×Ü¿¨
-341237261,1,1,1,902,593,0,4-19Â¥×Ü¿¨
-341237261,1,1,1,903,593,0,4-19Â¥×Ü¿¨
-341237261,1,1,1,904,593,0,4-19Â¥×Ü¿¨
-341237261,1,1,1,905,593,0,4-19Â¥×Ü¿¨
-341237261,1,1,1,906,593,0,4-19Â¥×Ü¿¨
-341237261,1,1,1,907,593,0,4-19Â¥×Ü¿¨
-341237261,1,1,1,908,593,0,4-19Â¥×Ü¿¨
-341237261,1,1,1,909,593,0,4-19Â¥×Ü¿¨
-341237261,1,1,1,910,593,0,4-19Â¥×Ü¿¨
-341237261,1,1,1,911,593,0,4-19Â¥×Ü¿¨
-341237261,1,1,1,912,593,0,4-19Â¥×Ü¿¨
-341237261,1,1,1,913,593,0,4-19Â¥×Ü¿¨
-341237261,1,1,1,914,593,0,4-19Â¥×Ü¿¨
-341237261,1,1,1,915,593,0,4-19Â¥×Ü¿¨
-341237261,1,1,1,916,593,0,4-19Â¥×Ü¿¨
-341237261,1,1,1,917,593,0,4-19Â¥×Ü¿¨
-341237261,1,1,1,918,593,0,4-19Â¥×Ü¿¨
-341237261,1,1,1,919,593,0,4-19Â¥×Ü¿¨
-341237261,1,1,1,920,593,0,4-19Â¥×Ü¿¨
-341237261,1,1,1,921,593,0,4-19Â¥×Ü¿¨
-341237261,1,1,1,922,593,0,4-19Â¥×Ü¿¨
-341237261,1,1,1,923,593,0,4-19Â¥×Ü¿¨
-341237261,1,1,1,925,593,0,4-19Â¥×Ü¿¨
-341237261,1,1,1,926,593,0,4-19Â¥×Ü¿¨
-341237261,1,1,1,927,593,0,4-19Â¥×Ü¿¨
-341237261,1,1,1,928,593,0,4-19Â¥×Ü¿¨
-341237261,1,1,1,929,593,0,4-19Â¥×Ü¿¨
-341237261,1,1,1,930,593,0,4-19Â¥×Ü¿¨
-341237261,1,1,1,931,593,0,4-19Â¥×Ü¿¨
-341237261,1,1,1,932,593,0,4-19Â¥×Ü¿¨
-341237261,1,1,1,933,593,0,4-19Â¥×Ü¿¨
-341237261,1,1,1,934,593,0,4-19Â¥×Ü¿¨
-341237261,1,1,1,935,593,0,4-19Â¥×Ü¿¨
-341237261,1,1,1,936,593,0,4-19Â¥×Ü¿¨
-341237261,1,1,1,937,593,0,4-19Â¥×Ü¿¨
-341237261,1,1,1,938,593,0,4-19Â¥×Ü¿¨
-341237261,1,1,1,939,593,0,4-19Â¥×Ü¿¨
-341237261,1,1,1,940,593,0,4-19Â¥×Ü¿¨
-341237261,1,1,1,988,593,0,4-19Â¥×Ü¿¨
-341237261,1,1,1,1001,593,0,4-19Â¥×Ü¿¨
-341237261,1,1,1,1003,593,0,4-19Â¥×Ü¿¨
-341237261,1,1,1,1004,593,0,4-19Â¥×Ü¿¨
-341237261,1,1,1,1005,593,0,4-19Â¥×Ü¿¨
-341237261,1,1,1,1006,593,0,4-19Â¥×Ü¿¨
-341237261,1,1,1,1007,593,0,4-19Â¥×Ü¿¨
-341237261,1,1,1,1008,593,0,4-19Â¥×Ü¿¨
-341237261,1,1,1,1009,593,0,4-19Â¥×Ü¿¨
-341237261,1,1,1,1010,593,0,4-19Â¥×Ü¿¨
-341237261,1,1,1,1011,593,0,4-19Â¥×Ü¿¨
-341237261,1,1,1,1012,593,0,4-19Â¥×Ü¿¨
-341237261,1,1,1,1013,593,0,4-19Â¥×Ü¿¨
-341237261,1,1,1,1014,593,0,4-19Â¥×Ü¿¨
-341237261,1,1,1,1015,593,0,4-19Â¥×Ü¿¨
-341237261,1,1,1,1016,593,0,4-19Â¥×Ü¿¨
-341237261,1,1,1,1017,593,0,4-19Â¥×Ü¿¨
-341237261,1,1,1,1018,593,0,4-19Â¥×Ü¿¨
-341237261,1,1,1,1019,593,0,4-19Â¥×Ü¿¨
-341237261,1,1,1,1020,593,0,4-19Â¥×Ü¿¨
-341237261,1,1,1,1021,593,0,4-19Â¥×Ü¿¨
-341237261,1,1,1,1022,593,0,4-19Â¥×Ü¿¨
-341237261,1,1,1,1023,593,0,4-19Â¥×Ü¿¨
-341237261,1,1,1,1025,593,0,4-19Â¥×Ü¿¨
-341237261,1,1,1,1026,593,0,4-19Â¥×Ü¿¨
-341237261,1,1,1,1027,593,0,4-19Â¥×Ü¿¨
-341237261,1,1,1,1028,593,0,4-19Â¥×Ü¿¨
-341237261,1,1,1,1029,593,0,4-19Â¥×Ü¿¨
-341237261,1,1,1,1030,593,0,4-19Â¥×Ü¿¨
-341237261,1,1,1,1031,593,0,4-19Â¥×Ü¿¨
-341237261,1,1,1,1032,593,0,4-19Â¥×Ü¿¨
-341237261,1,1,1,1033,593,0,4-19Â¥×Ü¿¨
-341237261,1,1,1,1034,593,0,4-19Â¥×Ü¿¨
-341237261,1,1,1,1035,593,0,4-19Â¥×Ü¿¨
-341237261,1,1,1,1036,593,0,4-19Â¥×Ü¿¨
-341237261,1,1,1,1037,593,0,4-19Â¥×Ü¿¨
-341237261,1,1,1,1038,593,0,4-19Â¥×Ü¿¨
-341237261,1,1,1,1039,593,0,4-19Â¥×Ü¿¨
-341237261,1,1,1,1040,593,0,4-19Â¥×Ü¿¨
-341237261,1,1,1,1041,593,0,4-19Â¥×Ü¿¨
-341237261,1,1,1,1088,593,0,4-19Â¥×Ü¿¨
-341237261,1,1,1,1101,593,0,4-19Â¥×Ü¿¨
-341237261,1,1,1,1102,593,0,4-19Â¥×Ü¿¨
-341237261,1,1,1,1103,593,0,4-19Â¥×Ü¿¨
-341237261,1,1,1,1104,593,0,4-19Â¥×Ü¿¨
-341237261,1,1,1,1105,593,0,4-19Â¥×Ü¿¨
-341237261,1,1,1,1106,593,0,4-19Â¥×Ü¿¨
-341237261,1,1,1,1107,593,0,4-19Â¥×Ü¿¨
-341237261,1,1,1,1108,593,0,4-19Â¥×Ü¿¨
-341237261,1,1,1,1109,593,0,4-19Â¥×Ü¿¨
-341237261,1,1,1,1110,593,0,4-19Â¥×Ü¿¨
-341237261,1,1,1,1111,593,0,4-19Â¥×Ü¿¨
-341237261,1,1,1,1112,593,0,4-19Â¥×Ü¿¨
-341237261,1,1,1,1113,593,0,4-19Â¥×Ü¿¨
-341237261,1,1,1,1114,593,0,4-19Â¥×Ü¿¨
-341237261,1,1,1,1115,593,0,4-19Â¥×Ü¿¨
-341237261,1,1,1,1116,593,0,4-19Â¥×Ü¿¨
-341237261,1,1,1,1117,593,0,4-19Â¥×Ü¿¨
-341237261,1,1,1,1118,593,0,4-19Â¥×Ü¿¨
-341237261,1,1,1,1119,593,0,4-19Â¥×Ü¿¨
-341237261,1,1,1,1120,593,0,4-19Â¥×Ü¿¨
-341237261,1,1,1,1121,593,0,4-19Â¥×Ü¿¨
-341237261,1,1,1,1122,593,0,4-19Â¥×Ü¿¨
-341237261,1,1,1,1123,593,0,4-19Â¥×Ü¿¨
-341237261,1,1,1,1125,593,0,4-19Â¥×Ü¿¨
-341237261,1,1,1,1126,593,0,4-19Â¥×Ü¿¨
-341237261,1,1,1,1127,593,0,4-19Â¥×Ü¿¨
-341237261,1,1,1,1128,593,0,4-19Â¥×Ü¿¨
-199817096,1,1,1,1625,731,0,15-16Â¥Çå½à¿¨
-341237261,1,1,1,1130,593,0,4-19Â¥×Ü¿¨
-341237261,1,1,1,1131,593,0,4-19Â¥×Ü¿¨
-341237261,1,1,1,1132,593,0,4-19Â¥×Ü¿¨
-341237261,1,1,1,1133,593,0,4-19Â¥×Ü¿¨
-341237261,1,1,1,1134,593,0,4-19Â¥×Ü¿¨
-341237261,1,1,1,1135,593,0,4-19Â¥×Ü¿¨
-341237261,1,1,1,1136,593,0,4-19Â¥×Ü¿¨
-341237261,1,1,1,1137,593,0,4-19Â¥×Ü¿¨
-341237261,1,1,1,1138,593,0,4-19Â¥×Ü¿¨
-341237261,1,1,1,1139,593,0,4-19Â¥×Ü¿¨
-341237261,1,1,1,1140,593,0,4-19Â¥×Ü¿¨
-341237261,1,1,1,1141,593,0,4-19Â¥×Ü¿¨
-341237261,1,1,1,1188,593,0,4-19Â¥×Ü¿¨
-341237261,1,1,1,1201,593,0,4-19Â¥×Ü¿¨
-341237261,1,1,1,1202,593,0,4-19Â¥×Ü¿¨
-341237261,1,1,1,1203,593,0,4-19Â¥×Ü¿¨
-341237261,1,1,1,1204,593,0,4-19Â¥×Ü¿¨
-341237261,1,1,1,1205,593,0,4-19Â¥×Ü¿¨
-341237261,1,1,1,1206,593,0,4-19Â¥×Ü¿¨
-341237261,1,1,1,1207,593,0,4-19Â¥×Ü¿¨
-341237261,1,1,1,1208,593,0,4-19Â¥×Ü¿¨
-341237261,1,1,1,1209,593,0,4-19Â¥×Ü¿¨
-341237261,1,1,1,1210,593,0,4-19Â¥×Ü¿¨
-341237261,1,1,1,1211,593,0,4-19Â¥×Ü¿¨
-341237261,1,1,1,1212,593,0,4-19Â¥×Ü¿¨
-341237261,1,1,1,1213,593,0,4-19Â¥×Ü¿¨
-341237261,1,1,1,1214,593,0,4-19Â¥×Ü¿¨
-341237261,1,1,1,1215,593,0,4-19Â¥×Ü¿¨
-341237261,1,1,1,1216,593,0,4-19Â¥×Ü¿¨
-341237261,1,1,1,1217,593,0,4-19Â¥×Ü¿¨
-341237261,1,1,1,1218,593,0,4-19Â¥×Ü¿¨
-341237261,1,1,1,1219,593,0,4-19Â¥×Ü¿¨
-341237261,1,1,1,1220,593,0,4-19Â¥×Ü¿¨
-341237261,1,1,1,1221,593,0,4-19Â¥×Ü¿¨
-341237261,1,1,1,1222,593,0,4-19Â¥×Ü¿¨
-341237261,1,1,1,1223,593,0,4-19Â¥×Ü¿¨
-341237261,1,1,1,1225,593,0,4-19Â¥×Ü¿¨
-341237261,1,1,1,1226,593,0,4-19Â¥×Ü¿¨
-341237261,1,1,1,1227,593,0,4-19Â¥×Ü¿¨
-341237261,1,1,1,1228,593,0,4-19Â¥×Ü¿¨
-341237261,1,1,1,1229,593,0,4-19Â¥×Ü¿¨
-341237261,1,1,1,1230,593,0,4-19Â¥×Ü¿¨
-341237261,1,1,1,1231,593,0,4-19Â¥×Ü¿¨
-341237261,1,1,1,1232,593,0,4-19Â¥×Ü¿¨
-341237261,1,1,1,1233,593,0,4-19Â¥×Ü¿¨
-341237261,1,1,1,1234,593,0,4-19Â¥×Ü¿¨
-341237261,1,1,1,1235,593,0,4-19Â¥×Ü¿¨
-341237261,1,1,1,1236,593,0,4-19Â¥×Ü¿¨
-341237261,1,1,1,1237,593,0,4-19Â¥×Ü¿¨
-341237261,1,1,1,1238,593,0,4-19Â¥×Ü¿¨
-341237261,1,1,1,1239,593,0,4-19Â¥×Ü¿¨
-341237261,1,1,1,1240,593,0,4-19Â¥×Ü¿¨
-341237261,1,1,1,1241,593,0,4-19Â¥×Ü¿¨
-341237261,1,1,1,1288,593,0,4-19Â¥×Ü¿¨
-341237261,1,1,1,1301,593,0,4-19Â¥×Ü¿¨
-341237261,1,1,1,1302,593,0,4-19Â¥×Ü¿¨
-341237261,1,1,1,1303,593,0,4-19Â¥×Ü¿¨
-341237261,1,1,1,1304,593,0,4-19Â¥×Ü¿¨
-341237261,1,1,1,1305,593,0,4-19Â¥×Ü¿¨
-341237261,1,1,1,1306,593,0,4-19Â¥×Ü¿¨
-341237261,1,1,1,1307,593,0,4-19Â¥×Ü¿¨
-341237261,1,1,1,1308,593,0,4-19Â¥×Ü¿¨
-341237261,1,1,1,1309,593,0,4-19Â¥×Ü¿¨
-341237261,1,1,1,1310,593,0,4-19Â¥×Ü¿¨
-341237261,1,1,1,1311,593,0,4-19Â¥×Ü¿¨
-341237261,1,1,1,1312,593,0,4-19Â¥×Ü¿¨
-341237261,1,1,1,1313,593,0,4-19Â¥×Ü¿¨
-341237261,1,1,1,1314,593,0,4-19Â¥×Ü¿¨
-341237261,1,1,1,1315,593,0,4-19Â¥×Ü¿¨
-341237261,1,1,1,1316,593,0,4-19Â¥×Ü¿¨
-341237261,1,1,1,1317,593,0,4-19Â¥×Ü¿¨
-341237261,1,1,1,1318,593,0,4-19Â¥×Ü¿¨
-341237261,1,1,1,1319,593,0,4-19Â¥×Ü¿¨
-341237261,1,1,1,1320,593,0,4-19Â¥×Ü¿¨
-341237261,1,1,1,1321,593,0,4-19Â¥×Ü¿¨
-341237261,1,1,1,1322,593,0,4-19Â¥×Ü¿¨
-341237261,1,1,1,1323,593,0,4-19Â¥×Ü¿¨
-341237261,1,1,1,1325,593,0,4-19Â¥×Ü¿¨
-341237261,1,1,1,1326,593,0,4-19Â¥×Ü¿¨
-341237261,1,1,1,1327,593,0,4-19Â¥×Ü¿¨
-341237261,1,1,1,1328,593,0,4-19Â¥×Ü¿¨
-341237261,1,1,1,1329,593,0,4-19Â¥×Ü¿¨
-341237261,1,1,1,1330,593,0,4-19Â¥×Ü¿¨
-341237261,1,1,1,1331,593,0,4-19Â¥×Ü¿¨
-341237261,1,1,1,1332,593,0,4-19Â¥×Ü¿¨
-341237261,1,1,1,1333,593,0,4-19Â¥×Ü¿¨
-341237261,1,1,1,1339,593,0,4-19Â¥×Ü¿¨
-341237261,1,1,1,1340,593,0,4-19Â¥×Ü¿¨
-341237261,1,1,1,1341,593,0,4-19Â¥×Ü¿¨
-341237261,1,1,1,1388,593,0,4-19Â¥×Ü¿¨
-341237261,1,1,1,1401,593,0,4-19Â¥×Ü¿¨
-341237261,1,1,1,1402,593,0,4-19Â¥×Ü¿¨
-341237261,1,1,1,1403,593,0,4-19Â¥×Ü¿¨
-341237261,1,1,1,1405,593,0,4-19Â¥×Ü¿¨
-341237261,1,1,1,1406,593,0,4-19Â¥×Ü¿¨
-341237261,1,1,1,1407,593,0,4-19Â¥×Ü¿¨
-341237261,1,1,1,1408,593,0,4-19Â¥×Ü¿¨
-341237261,1,1,1,1410,593,0,4-19Â¥×Ü¿¨
-341237261,1,1,1,1411,593,0,4-19Â¥×Ü¿¨
-341237261,1,1,1,1412,593,0,4-19Â¥×Ü¿¨
-341237261,1,1,1,1413,593,0,4-19Â¥×Ü¿¨
-341237261,1,1,1,1415,593,0,4-19Â¥×Ü¿¨
-341237261,1,1,1,1416,593,0,4-19Â¥×Ü¿¨
-341237261,1,1,1,1417,593,0,4-19Â¥×Ü¿¨
-341237261,1,1,1,1419,593,0,4-19Â¥×Ü¿¨
-341237261,1,1,1,1421,593,0,4-19Â¥×Ü¿¨
-341237261,1,1,1,1423,593,0,4-19Â¥×Ü¿¨
-341237261,1,1,1,1425,593,0,4-19Â¥×Ü¿¨
-341237261,1,1,1,1426,593,0,4-19Â¥×Ü¿¨
-341237261,1,1,1,1427,593,0,4-19Â¥×Ü¿¨
-341237261,1,1,1,1428,593,0,4-19Â¥×Ü¿¨
-341237261,1,1,1,1430,593,0,4-19Â¥×Ü¿¨
-341237261,1,1,1,1432,593,0,4-19Â¥×Ü¿¨
-341237261,1,1,1,1439,593,0,4-19Â¥×Ü¿¨
-341237261,1,1,1,1440,593,0,4-19Â¥×Ü¿¨
-341237261,1,1,1,1488,593,0,4-19Â¥×Ü¿¨
-341237261,1,1,1,1501,593,0,4-19Â¥×Ü¿¨
-341237261,1,1,1,1502,593,0,4-19Â¥×Ü¿¨
-341237261,1,1,1,1503,593,0,4-19Â¥×Ü¿¨
-341237261,1,1,1,1505,593,0,4-19Â¥×Ü¿¨
-341237261,1,1,1,1506,593,0,4-19Â¥×Ü¿¨
-341237261,1,1,1,1507,593,0,4-19Â¥×Ü¿¨
-341237261,1,1,1,1508,593,0,4-19Â¥×Ü¿¨
-341237261,1,1,1,1509,593,0,4-19Â¥×Ü¿¨
-341237261,1,1,1,1511,593,0,4-19Â¥×Ü¿¨
-341237261,1,1,1,1512,593,0,4-19Â¥×Ü¿¨
-341237261,1,1,1,1513,593,0,4-19Â¥×Ü¿¨
-341237261,1,1,1,1514,593,0,4-19Â¥×Ü¿¨
-341237261,1,1,1,1515,593,0,4-19Â¥×Ü¿¨
-341237261,1,1,1,1516,593,0,4-19Â¥×Ü¿¨
-341237261,1,1,1,1517,593,0,4-19Â¥×Ü¿¨
-341237261,1,1,1,1518,593,0,4-19Â¥×Ü¿¨
-341237261,1,1,1,1519,593,0,4-19Â¥×Ü¿¨
-341237261,1,1,1,1520,593,0,4-19Â¥×Ü¿¨
-341237261,1,1,1,1521,593,0,4-19Â¥×Ü¿¨
-341237261,1,1,1,1522,593,0,4-19Â¥×Ü¿¨
-341237261,1,1,1,1523,593,0,4-19Â¥×Ü¿¨
-341237261,1,1,1,1525,593,0,4-19Â¥×Ü¿¨
-341237261,1,1,1,1526,593,0,4-19Â¥×Ü¿¨
-341237261,1,1,1,1527,593,0,4-19Â¥×Ü¿¨
-341237261,1,1,1,1528,593,0,4-19Â¥×Ü¿¨
-341237261,1,1,1,1530,593,0,4-19Â¥×Ü¿¨
-341237261,1,1,1,1532,593,0,4-19Â¥×Ü¿¨
-341237261,1,1,1,1539,593,0,4-19Â¥×Ü¿¨
-341237261,1,1,1,1540,593,0,4-19Â¥×Ü¿¨
-341237261,1,1,1,1588,593,0,4-19Â¥×Ü¿¨
-341237261,1,1,1,1601,593,0,4-19Â¥×Ü¿¨
-341237261,1,1,1,1602,593,0,4-19Â¥×Ü¿¨
-341237261,1,1,1,1603,593,0,4-19Â¥×Ü¿¨
-341237261,1,1,1,1605,593,0,4-19Â¥×Ü¿¨
-341237261,1,1,1,1606,593,0,4-19Â¥×Ü¿¨
-341237261,1,1,1,1607,593,0,4-19Â¥×Ü¿¨
-341237261,1,1,1,1608,593,0,4-19Â¥×Ü¿¨
-341237261,1,1,1,1609,593,0,4-19Â¥×Ü¿¨
-341237261,1,1,1,1611,593,0,4-19Â¥×Ü¿¨
-341237261,1,1,1,1612,593,0,4-19Â¥×Ü¿¨
-341237261,1,1,1,1613,593,0,4-19Â¥×Ü¿¨
-341237261,1,1,1,1614,593,0,4-19Â¥×Ü¿¨
-341237261,1,1,1,1615,593,0,4-19Â¥×Ü¿¨
-341237261,1,1,1,1616,593,0,4-19Â¥×Ü¿¨
-341237261,1,1,1,1617,593,0,4-19Â¥×Ü¿¨
-341237261,1,1,1,1618,593,0,4-19Â¥×Ü¿¨
-341237261,1,1,1,1619,593,0,4-19Â¥×Ü¿¨
-341237261,1,1,1,1620,593,0,4-19Â¥×Ü¿¨
-341237261,1,1,1,1621,593,0,4-19Â¥×Ü¿¨
-341237261,1,1,1,1622,593,0,4-19Â¥×Ü¿¨
-341237261,1,1,1,1623,593,0,4-19Â¥×Ü¿¨
-341237261,1,1,1,1626,593,0,4-19Â¥×Ü¿¨
-341237261,1,1,1,1628,593,0,4-19Â¥×Ü¿¨
-341237261,1,1,1,1629,593,0,4-19Â¥×Ü¿¨
-341237261,1,1,1,1639,593,0,4-19Â¥×Ü¿¨
-341237261,1,1,1,1640,593,0,4-19Â¥×Ü¿¨
-341237261,1,1,1,1688,593,0,4-19Â¥×Ü¿¨
-341237261,1,1,1,1701,593,0,4-19Â¥×Ü¿¨
-341237261,1,1,1,1702,593,0,4-19Â¥×Ü¿¨
-341237261,1,1,1,1703,593,0,4-19Â¥×Ü¿¨
-341237261,1,1,1,1704,593,0,4-19Â¥×Ü¿¨
-341237261,1,1,1,1705,593,0,4-19Â¥×Ü¿¨
-341237261,1,1,1,1706,593,0,4-19Â¥×Ü¿¨
-341237261,1,1,1,1707,593,0,4-19Â¥×Ü¿¨
-341237261,1,1,1,1708,593,0,4-19Â¥×Ü¿¨
-341237261,1,1,1,1709,593,0,4-19Â¥×Ü¿¨
-341237261,1,1,1,1710,593,0,4-19Â¥×Ü¿¨
-341237261,1,1,1,1711,593,0,4-19Â¥×Ü¿¨
-341237261,1,1,1,1712,593,0,4-19Â¥×Ü¿¨
-341237261,1,1,1,1713,593,0,4-19Â¥×Ü¿¨
-341237261,1,1,1,1714,593,0,4-19Â¥×Ü¿¨
-341237261,1,1,1,1715,593,0,4-19Â¥×Ü¿¨
-341237261,1,1,1,1716,593,0,4-19Â¥×Ü¿¨
-341237261,1,1,1,1717,593,0,4-19Â¥×Ü¿¨
-341237261,1,1,1,1718,593,0,4-19Â¥×Ü¿¨
-341237261,1,1,1,1719,593,0,4-19Â¥×Ü¿¨
-341237261,1,1,1,1720,593,0,4-19Â¥×Ü¿¨
-341237261,1,1,1,1721,593,0,4-19Â¥×Ü¿¨
-341237261,1,1,1,1722,593,0,4-19Â¥×Ü¿¨
-341237261,1,1,1,1723,593,0,4-19Â¥×Ü¿¨
-341237261,1,1,1,1725,593,0,4-19Â¥×Ü¿¨
-341237261,1,1,1,1726,593,0,4-19Â¥×Ü¿¨
-341237261,1,1,1,1727,593,0,4-19Â¥×Ü¿¨
-341237261,1,1,1,1728,593,0,4-19Â¥×Ü¿¨
-341237261,1,1,1,1729,593,0,4-19Â¥×Ü¿¨
-341237261,1,1,1,1739,593,0,4-19Â¥×Ü¿¨
-341237261,1,1,1,1740,593,0,4-19Â¥×Ü¿¨
-341237261,1,1,1,1788,593,0,4-19Â¥×Ü¿¨
-341237261,1,1,1,1801,593,0,4-19Â¥×Ü¿¨
-341237261,1,1,1,1802,593,0,4-19Â¥×Ü¿¨
-341237261,1,1,1,1803,593,0,4-19Â¥×Ü¿¨
-341237261,1,1,1,1804,593,0,4-19Â¥×Ü¿¨
-341237261,1,1,1,1805,593,0,4-19Â¥×Ü¿¨
-341237261,1,1,1,1806,593,0,4-19Â¥×Ü¿¨
-341237261,1,1,1,1818,593,0,4-19Â¥×Ü¿¨
-341237261,1,1,1,1828,593,0,4-19Â¥×Ü¿¨
-341237261,1,1,1,1840,593,0,4-19Â¥×Ü¿¨
-341237261,1,1,1,1888,593,0,4-19Â¥×Ü¿¨
-341237261,1,1,1,1901,593,0,4-19Â¥×Ü¿¨
-341237261,1,1,1,1902,593,0,4-19Â¥×Ü¿¨
-341237261,1,1,1,1903,593,0,4-19Â¥×Ü¿¨
-341237261,1,1,1,1904,593,0,4-19Â¥×Ü¿¨
-341237261,1,1,1,1905,593,0,4-19Â¥×Ü¿¨
-341237261,1,1,1,1906,593,0,4-19Â¥×Ü¿¨
-341237261,1,1,1,1908,593,0,4-19Â¥×Ü¿¨
-341237261,1,1,1,1909,593,0,4-19Â¥×Ü¿¨
-341237261,1,1,1,1910,593,0,4-19Â¥×Ü¿¨
-341237261,1,1,1,1912,593,0,4-19Â¥×Ü¿¨
-341237261,1,1,1,1918,593,0,4-19Â¥×Ü¿¨
-341237261,1,1,1,1940,593,0,4-19Â¥×Ü¿¨
-341237261,1,1,1,1988,593,0,4-19Â¥×Ü¿¨
-341237261,1,1,1,10021,593,0,4-19Â¥×Ü¿¨
-341237261,1,1,1,10022,593,0,4-19Â¥×Ü¿¨
40006656,1,1,1,1419,625,0,14-16Â¥×ÛºÏÇå½à¿¨
40006656,1,1,1,1421,625,0,14-16Â¥×ÛºÏÇå½à¿¨
40006656,1,1,1,1423,625,0,14-16Â¥×ÛºÏÇå½à¿¨
40006656,1,1,1,1425,625,0,14-16Â¥×ÛºÏÇå½à¿¨
40006656,1,1,1,1426,625,0,14-16Â¥×ÛºÏÇå½à¿¨
40006656,1,1,1,1427,625,0,14-16Â¥×ÛºÏÇå½à¿¨
40006656,1,1,1,1428,625,0,14-16Â¥×ÛºÏÇå½à¿¨
40006656,1,1,1,1430,625,0,14-16Â¥×ÛºÏÇå½à¿¨
40006656,1,1,1,1432,625,0,14-16Â¥×ÛºÏÇå½à¿¨
40006656,1,1,1,1439,625,0,14-16Â¥×ÛºÏÇå½à¿¨
40006656,1,1,1,1440,625,0,14-16Â¥×ÛºÏÇå½à¿¨
40006656,1,1,1,1488,625,0,14-16Â¥×ÛºÏÇå½à¿¨
40006656,1,1,1,1501,625,0,14-16Â¥×ÛºÏÇå½à¿¨
40006656,1,1,1,1502,625,0,14-16Â¥×ÛºÏÇå½à¿¨
40006656,1,1,1,1503,625,0,14-16Â¥×ÛºÏÇå½à¿¨
40006656,1,1,1,1505,625,0,14-16Â¥×ÛºÏÇå½à¿¨
40006656,1,1,1,1506,625,0,14-16Â¥×ÛºÏÇå½à¿¨
40006656,1,1,1,1507,625,0,14-16Â¥×ÛºÏÇå½à¿¨
40006656,1,1,1,1508,625,0,14-16Â¥×ÛºÏÇå½à¿¨
40006656,1,1,1,1509,625,0,14-16Â¥×ÛºÏÇå½à¿¨
40006656,1,1,1,1511,625,0,14-16Â¥×ÛºÏÇå½à¿¨
40006656,1,1,1,1512,625,0,14-16Â¥×ÛºÏÇå½à¿¨
40006656,1,1,1,1513,625,0,14-16Â¥×ÛºÏÇå½à¿¨
40006656,1,1,1,1514,625,0,14-16Â¥×ÛºÏÇå½à¿¨
40006656,1,1,1,1515,625,0,14-16Â¥×ÛºÏÇå½à¿¨
40006656,1,1,1,1516,625,0,14-16Â¥×ÛºÏÇå½à¿¨
40006656,1,1,1,1517,625,0,14-16Â¥×ÛºÏÇå½à¿¨
40006656,1,1,1,1518,625,0,14-16Â¥×ÛºÏÇå½à¿¨
40006656,1,1,1,1519,625,0,14-16Â¥×ÛºÏÇå½à¿¨
40006656,1,1,1,1520,625,0,14-16Â¥×ÛºÏÇå½à¿¨
40006656,1,1,1,1521,625,0,14-16Â¥×ÛºÏÇå½à¿¨
40006656,1,1,1,1522,625,0,14-16Â¥×ÛºÏÇå½à¿¨
40006656,1,1,1,1523,625,0,14-16Â¥×ÛºÏÇå½à¿¨
40006656,1,1,1,1525,625,0,14-16Â¥×ÛºÏÇå½à¿¨
40006656,1,1,1,1526,625,0,14-16Â¥×ÛºÏÇå½à¿¨
40006656,1,1,1,1527,625,0,14-16Â¥×ÛºÏÇå½à¿¨
40006656,1,1,1,1528,625,0,14-16Â¥×ÛºÏÇå½à¿¨
40006656,1,1,1,1530,625,0,14-16Â¥×ÛºÏÇå½à¿¨
40006656,1,1,1,1532,625,0,14-16Â¥×ÛºÏÇå½à¿¨
40006656,1,1,1,1539,625,0,14-16Â¥×ÛºÏÇå½à¿¨
40006656,1,1,1,1540,625,0,14-16Â¥×ÛºÏÇå½à¿¨
40006656,1,1,1,1588,625,0,14-16Â¥×ÛºÏÇå½à¿¨
40006656,1,1,1,1601,625,0,14-16Â¥×ÛºÏÇå½à¿¨
40006656,1,1,1,1602,625,0,14-16Â¥×ÛºÏÇå½à¿¨
40006656,1,1,1,1603,625,0,14-16Â¥×ÛºÏÇå½à¿¨
40006656,1,1,1,1605,625,0,14-16Â¥×ÛºÏÇå½à¿¨
40006656,1,1,1,1606,625,0,14-16Â¥×ÛºÏÇå½à¿¨
40006656,1,1,1,1607,625,0,14-16Â¥×ÛºÏÇå½à¿¨
40006656,1,1,1,1608,625,0,14-16Â¥×ÛºÏÇå½à¿¨
40006656,1,1,1,1609,625,0,14-16Â¥×ÛºÏÇå½à¿¨
40006656,1,1,1,1611,625,0,14-16Â¥×ÛºÏÇå½à¿¨
40006656,1,1,1,1612,625,0,14-16Â¥×ÛºÏÇå½à¿¨
40006656,1,1,1,1613,625,0,14-16Â¥×ÛºÏÇå½à¿¨
40006656,1,1,1,1614,625,0,14-16Â¥×ÛºÏÇå½à¿¨
40006656,1,1,1,1615,625,0,14-16Â¥×ÛºÏÇå½à¿¨
40006656,1,1,1,1616,625,0,14-16Â¥×ÛºÏÇå½à¿¨
40006656,1,1,1,1617,625,0,14-16Â¥×ÛºÏÇå½à¿¨
40006656,1,1,1,1618,625,0,14-16Â¥×ÛºÏÇå½à¿¨
40006656,1,1,1,1619,625,0,14-16Â¥×ÛºÏÇå½à¿¨
40006656,1,1,1,1620,625,0,14-16Â¥×ÛºÏÇå½à¿¨
40006656,1,1,1,1621,625,0,14-16Â¥×ÛºÏÇå½à¿¨
40006656,1,1,1,1622,625,0,14-16Â¥×ÛºÏÇå½à¿¨
40006656,1,1,1,1623,625,0,14-16Â¥×ÛºÏÇå½à¿¨
40006656,1,1,1,1626,625,0,14-16Â¥×ÛºÏÇå½à¿¨
40006656,1,1,1,1628,625,0,14-16Â¥×ÛºÏÇå½à¿¨
40006656,1,1,1,1629,625,0,14-16Â¥×ÛºÏÇå½à¿¨
40006656,1,1,1,1639,625,0,14-16Â¥×ÛºÏÇå½à¿¨
40006656,1,1,1,1640,625,0,14-16Â¥×ÛºÏÇå½à¿¨
40006656,1,1,1,1688,625,0,14-16Â¥×ÛºÏÇå½à¿¨
1897426440,1,1,1,801,626,0,8-10Â¥×ÛºÏÇå½à¿¨
1897426440,1,1,1,802,626,0,8-10Â¥×ÛºÏÇå½à¿¨
1897426440,1,1,1,803,626,0,8-10Â¥×ÛºÏÇå½à¿¨
1897426440,1,1,1,804,626,0,8-10Â¥×ÛºÏÇå½à¿¨
1897426440,1,1,1,805,626,0,8-10Â¥×ÛºÏÇå½à¿¨
1897426440,1,1,1,806,626,0,8-10Â¥×ÛºÏÇå½à¿¨
1897426440,1,1,1,807,626,0,8-10Â¥×ÛºÏÇå½à¿¨
1897426440,1,1,1,808,626,0,8-10Â¥×ÛºÏÇå½à¿¨
1897426440,1,1,1,809,626,0,8-10Â¥×ÛºÏÇå½à¿¨
1897426440,1,1,1,810,626,0,8-10Â¥×ÛºÏÇå½à¿¨
1897426440,1,1,1,811,626,0,8-10Â¥×ÛºÏÇå½à¿¨
1897426440,1,1,1,812,626,0,8-10Â¥×ÛºÏÇå½à¿¨
1897426440,1,1,1,813,626,0,8-10Â¥×ÛºÏÇå½à¿¨
1897426440,1,1,1,814,626,0,8-10Â¥×ÛºÏÇå½à¿¨
1897426440,1,1,1,815,626,0,8-10Â¥×ÛºÏÇå½à¿¨
1897426440,1,1,1,816,626,0,8-10Â¥×ÛºÏÇå½à¿¨
1897426440,1,1,1,817,626,0,8-10Â¥×ÛºÏÇå½à¿¨
1897426440,1,1,1,818,626,0,8-10Â¥×ÛºÏÇå½à¿¨
1897426440,1,1,1,819,626,0,8-10Â¥×ÛºÏÇå½à¿¨
1897426440,1,1,1,820,626,0,8-10Â¥×ÛºÏÇå½à¿¨
1897426440,1,1,1,821,626,0,8-10Â¥×ÛºÏÇå½à¿¨
1897426440,1,1,1,822,626,0,8-10Â¥×ÛºÏÇå½à¿¨
1897426440,1,1,1,823,626,0,8-10Â¥×ÛºÏÇå½à¿¨
1897426440,1,1,1,825,626,0,8-10Â¥×ÛºÏÇå½à¿¨
1897426440,1,1,1,826,626,0,8-10Â¥×ÛºÏÇå½à¿¨
1897426440,1,1,1,827,626,0,8-10Â¥×ÛºÏÇå½à¿¨
1897426440,1,1,1,828,626,0,8-10Â¥×ÛºÏÇå½à¿¨
1897426440,1,1,1,829,626,0,8-10Â¥×ÛºÏÇå½à¿¨
1897426440,1,1,1,830,626,0,8-10Â¥×ÛºÏÇå½à¿¨
1897426440,1,1,1,831,626,0,8-10Â¥×ÛºÏÇå½à¿¨
1897426440,1,1,1,832,626,0,8-10Â¥×ÛºÏÇå½à¿¨
1897426440,1,1,1,833,626,0,8-10Â¥×ÛºÏÇå½à¿¨
1897426440,1,1,1,834,626,0,8-10Â¥×ÛºÏÇå½à¿¨
1897426440,1,1,1,835,626,0,8-10Â¥×ÛºÏÇå½à¿¨
1897426440,1,1,1,836,626,0,8-10Â¥×ÛºÏÇå½à¿¨
1897426440,1,1,1,837,626,0,8-10Â¥×ÛºÏÇå½à¿¨
1897426440,1,1,1,838,626,0,8-10Â¥×ÛºÏÇå½à¿¨
1897426440,1,1,1,839,626,0,8-10Â¥×ÛºÏÇå½à¿¨
1897426440,1,1,1,840,626,0,8-10Â¥×ÛºÏÇå½à¿¨
1897426440,1,1,1,888,626,0,8-10Â¥×ÛºÏÇå½à¿¨
1897426440,1,1,1,901,626,0,8-10Â¥×ÛºÏÇå½à¿¨
1897426440,1,1,1,902,626,0,8-10Â¥×ÛºÏÇå½à¿¨
1897426440,1,1,1,903,626,0,8-10Â¥×ÛºÏÇå½à¿¨
1897426440,1,1,1,904,626,0,8-10Â¥×ÛºÏÇå½à¿¨
1897426440,1,1,1,905,626,0,8-10Â¥×ÛºÏÇå½à¿¨
1897426440,1,1,1,906,626,0,8-10Â¥×ÛºÏÇå½à¿¨
1897426440,1,1,1,907,626,0,8-10Â¥×ÛºÏÇå½à¿¨
1897426440,1,1,1,908,626,0,8-10Â¥×ÛºÏÇå½à¿¨
1897426440,1,1,1,909,626,0,8-10Â¥×ÛºÏÇå½à¿¨
1897426440,1,1,1,910,626,0,8-10Â¥×ÛºÏÇå½à¿¨
1897426440,1,1,1,911,626,0,8-10Â¥×ÛºÏÇå½à¿¨
1897426440,1,1,1,912,626,0,8-10Â¥×ÛºÏÇå½à¿¨
1897426440,1,1,1,913,626,0,8-10Â¥×ÛºÏÇå½à¿¨
1897426440,1,1,1,914,626,0,8-10Â¥×ÛºÏÇå½à¿¨
1897426440,1,1,1,915,626,0,8-10Â¥×ÛºÏÇå½à¿¨
1897426440,1,1,1,916,626,0,8-10Â¥×ÛºÏÇå½à¿¨
1897426440,1,1,1,917,626,0,8-10Â¥×ÛºÏÇå½à¿¨
1897426440,1,1,1,918,626,0,8-10Â¥×ÛºÏÇå½à¿¨
1897426440,1,1,1,919,626,0,8-10Â¥×ÛºÏÇå½à¿¨
1897426440,1,1,1,920,626,0,8-10Â¥×ÛºÏÇå½à¿¨
1897426440,1,1,1,921,626,0,8-10Â¥×ÛºÏÇå½à¿¨
1897426440,1,1,1,922,626,0,8-10Â¥×ÛºÏÇå½à¿¨
1897426440,1,1,1,923,626,0,8-10Â¥×ÛºÏÇå½à¿¨
1897426440,1,1,1,925,626,0,8-10Â¥×ÛºÏÇå½à¿¨
1897426440,1,1,1,926,626,0,8-10Â¥×ÛºÏÇå½à¿¨
1897426440,1,1,1,927,626,0,8-10Â¥×ÛºÏÇå½à¿¨
1897426440,1,1,1,928,626,0,8-10Â¥×ÛºÏÇå½à¿¨
1897426440,1,1,1,929,626,0,8-10Â¥×ÛºÏÇå½à¿¨
1897426440,1,1,1,930,626,0,8-10Â¥×ÛºÏÇå½à¿¨
1897426440,1,1,1,931,626,0,8-10Â¥×ÛºÏÇå½à¿¨
1897426440,1,1,1,932,626,0,8-10Â¥×ÛºÏÇå½à¿¨
1897426440,1,1,1,933,626,0,8-10Â¥×ÛºÏÇå½à¿¨
1897426440,1,1,1,934,626,0,8-10Â¥×ÛºÏÇå½à¿¨
1897426440,1,1,1,935,626,0,8-10Â¥×ÛºÏÇå½à¿¨
1897426440,1,1,1,936,626,0,8-10Â¥×ÛºÏÇå½à¿¨
1897426440,1,1,1,937,626,0,8-10Â¥×ÛºÏÇå½à¿¨
1897426440,1,1,1,938,626,0,8-10Â¥×ÛºÏÇå½à¿¨
1897426440,1,1,1,939,626,0,8-10Â¥×ÛºÏÇå½à¿¨
1897426440,1,1,1,940,626,0,8-10Â¥×ÛºÏÇå½à¿¨
1897426440,1,1,1,988,626,0,8-10Â¥×ÛºÏÇå½à¿¨
1897426440,1,1,1,1001,626,0,8-10Â¥×ÛºÏÇå½à¿¨
1897426440,1,1,1,1003,626,0,8-10Â¥×ÛºÏÇå½à¿¨
1897426440,1,1,1,1004,626,0,8-10Â¥×ÛºÏÇå½à¿¨
1897426440,1,1,1,1005,626,0,8-10Â¥×ÛºÏÇå½à¿¨
1897426440,1,1,1,1006,626,0,8-10Â¥×ÛºÏÇå½à¿¨
1897426440,1,1,1,1007,626,0,8-10Â¥×ÛºÏÇå½à¿¨
1897426440,1,1,1,1008,626,0,8-10Â¥×ÛºÏÇå½à¿¨
1897426440,1,1,1,1009,626,0,8-10Â¥×ÛºÏÇå½à¿¨
1897426440,1,1,1,1010,626,0,8-10Â¥×ÛºÏÇå½à¿¨
1897426440,1,1,1,1011,626,0,8-10Â¥×ÛºÏÇå½à¿¨
1897426440,1,1,1,1012,626,0,8-10Â¥×ÛºÏÇå½à¿¨
1897426440,1,1,1,1013,626,0,8-10Â¥×ÛºÏÇå½à¿¨
1897426440,1,1,1,1014,626,0,8-10Â¥×ÛºÏÇå½à¿¨
1897426440,1,1,1,1015,626,0,8-10Â¥×ÛºÏÇå½à¿¨
1897426440,1,1,1,1016,626,0,8-10Â¥×ÛºÏÇå½à¿¨
1897426440,1,1,1,1017,626,0,8-10Â¥×ÛºÏÇå½à¿¨
1897426440,1,1,1,1018,626,0,8-10Â¥×ÛºÏÇå½à¿¨
1897426440,1,1,1,1019,626,0,8-10Â¥×ÛºÏÇå½à¿¨
1897426440,1,1,1,1020,626,0,8-10Â¥×ÛºÏÇå½à¿¨
1897426440,1,1,1,1021,626,0,8-10Â¥×ÛºÏÇå½à¿¨
1897426440,1,1,1,1022,626,0,8-10Â¥×ÛºÏÇå½à¿¨
1897426440,1,1,1,1023,626,0,8-10Â¥×ÛºÏÇå½à¿¨
1897426440,1,1,1,1025,626,0,8-10Â¥×ÛºÏÇå½à¿¨
1897426440,1,1,1,1026,626,0,8-10Â¥×ÛºÏÇå½à¿¨
1897426440,1,1,1,1027,626,0,8-10Â¥×ÛºÏÇå½à¿¨
1897426440,1,1,1,1028,626,0,8-10Â¥×ÛºÏÇå½à¿¨
1897426440,1,1,1,1029,626,0,8-10Â¥×ÛºÏÇå½à¿¨
1897426440,1,1,1,1030,626,0,8-10Â¥×ÛºÏÇå½à¿¨
1897426440,1,1,1,1031,626,0,8-10Â¥×ÛºÏÇå½à¿¨
1897426440,1,1,1,1032,626,0,8-10Â¥×ÛºÏÇå½à¿¨
1897426440,1,1,1,1033,626,0,8-10Â¥×ÛºÏÇå½à¿¨
1897426440,1,1,1,1034,626,0,8-10Â¥×ÛºÏÇå½à¿¨
1897426440,1,1,1,1035,626,0,8-10Â¥×ÛºÏÇå½à¿¨
1897426440,1,1,1,1036,626,0,8-10Â¥×ÛºÏÇå½à¿¨
1897426440,1,1,1,1037,626,0,8-10Â¥×ÛºÏÇå½à¿¨
1897426440,1,1,1,1038,626,0,8-10Â¥×ÛºÏÇå½à¿¨
1897426440,1,1,1,1039,626,0,8-10Â¥×ÛºÏÇå½à¿¨
1897426440,1,1,1,1040,626,0,8-10Â¥×ÛºÏÇå½à¿¨
1897426440,1,1,1,1041,626,0,8-10Â¥×ÛºÏÇå½à¿¨
1897426440,1,1,1,1088,626,0,8-10Â¥×ÛºÏÇå½à¿¨
-455934398,1,1,1,102,667,0,19Â¥×Ü·¿¿¨
894953931,1,1,1,318,746,0,3Â¥×Ü·¿¿¨
894953931,1,1,1,319,746,0,3Â¥×Ü·¿¿¨
894953931,1,1,1,320,746,0,3Â¥×Ü·¿¿¨
894953931,1,1,1,321,746,0,3Â¥×Ü·¿¿¨
894953931,1,1,1,322,746,0,3Â¥×Ü·¿¿¨
894953931,1,1,1,323,746,0,3Â¥×Ü·¿¿¨
894953931,1,1,1,324,746,0,3Â¥×Ü·¿¿¨
894953931,1,1,1,325,746,0,3Â¥×Ü·¿¿¨
894953931,1,1,1,326,746,0,3Â¥×Ü·¿¿¨
894953931,1,1,1,327,746,0,3Â¥×Ü·¿¿¨
894953931,1,1,1,328,746,0,3Â¥×Ü·¿¿¨
894953931,1,1,1,329,746,0,3Â¥×Ü·¿¿¨
894953931,1,1,1,330,746,0,3Â¥×Ü·¿¿¨
894953931,1,1,1,331,746,0,3Â¥×Ü·¿¿¨
894953931,1,1,1,332,746,0,3Â¥×Ü·¿¿¨
894953931,1,1,1,333,746,0,3Â¥×Ü·¿¿¨
894953931,1,1,1,334,746,0,3Â¥×Ü·¿¿¨
894953931,1,1,1,335,746,0,3Â¥×Ü·¿¿¨
795844390,1,1,1,101,747,0,ÐÐÀî·¿
795844390,1,1,1,102,747,0,ÐÐÀî·¿
1581469032,1,1,1,410,743,0,4Â¥³¤×â·¿
40006656,1,1,1,1625,625,0,14-16Â¥×ÛºÏÇå½à¿¨
-584628913,1,1,1,1625,668,0,16-17Â¥Çå½à¿¨
-72748060,1,1,1,1625,592,0,16-19Â¥²é·¿¿¨
812649686,1,1,1,1625,664,0,16Â¥×Ü·¿¿¨
-341237261,1,1,1,1625,593,0,4-19Â¥×Ü¿¨
41600768,1,1,1,8888,752,0,ÐéÄâµçÌÝ·¿
-135619168,1,1,1,1641,530,0,16-19Â¥²Ö¹Ü¿¨
-135619168,1,1,1,1741,530,0,16-19Â¥²Ö¹Ü¿¨
-135619168,1,1,1,1841,530,0,16-19Â¥²Ö¹Ü¿¨
-135619168,1,1,1,1941,530,0,16-19Â¥²Ö¹Ü¿¨
-4305166,1,1,1,441,534,0,4-7Â¥²Ö¹Ü¿¨
-4305166,1,1,1,541,534,0,4-7Â¥²Ö¹Ü¿¨
-4305166,1,1,1,542,534,0,4-7Â¥²Ö¹Ü¿¨
-4305166,1,1,1,641,534,0,4-7Â¥²Ö¹Ü¿¨
-4305166,1,1,1,642,534,0,4-7Â¥²Ö¹Ü¿¨
-4305166,1,1,1,741,534,0,4-7Â¥²Ö¹Ü¿¨
-4305166,1,1,1,742,534,0,4-7Â¥²Ö¹Ü¿¨
-341237261,1,1,1,441,593,0,4-19Â¥×Ü¿¨
-341237261,1,1,1,541,593,0,4-19Â¥×Ü¿¨
-341237261,1,1,1,542,593,0,4-19Â¥×Ü¿¨
-341237261,1,1,1,641,593,0,4-19Â¥×Ü¿¨
-341237261,1,1,1,642,593,0,4-19Â¥×Ü¿¨
-341237261,1,1,1,741,593,0,4-19Â¥×Ü¿¨
-341237261,1,1,1,742,593,0,4-19Â¥×Ü¿¨
-341237261,1,1,1,841,593,0,4-19Â¥×Ü¿¨
-341237261,1,1,1,842,593,0,4-19Â¥×Ü¿¨
-341237261,1,1,1,941,593,0,4-19Â¥×Ü¿¨
-341237261,1,1,1,942,593,0,4-19Â¥×Ü¿¨
-341237261,1,1,1,1042,593,0,4-19Â¥×Ü¿¨
-341237261,1,1,1,1142,593,0,4-19Â¥×Ü¿¨
-341237261,1,1,1,1242,593,0,4-19Â¥×Ü¿¨
-341237261,1,1,1,1342,593,0,4-19Â¥×Ü¿¨
-341237261,1,1,1,1442,593,0,4-19Â¥×Ü¿¨
-341237261,1,1,1,1541,593,0,4-19Â¥×Ü¿¨
-341237261,1,1,1,1542,593,0,4-19Â¥×Ü¿¨
-341237261,1,1,1,1641,593,0,4-19Â¥×Ü¿¨
-341237261,1,1,1,1741,593,0,4-19Â¥×Ü¿¨
-341237261,1,1,1,1841,593,0,4-19Â¥×Ü¿¨
-341237261,1,1,1,1941,593,0,4-19Â¥×Ü¿¨
-937111623,1,1,1,441,535,0,4-19Â¥×Ü²Ö¹Ü
-937111623,1,1,1,541,535,0,4-19Â¥×Ü²Ö¹Ü
-937111623,1,1,1,542,535,0,4-19Â¥×Ü²Ö¹Ü
1221479277,1,1,1,841,533,0,8-11Â¥²Ö¹Ü¿¨
1221479277,1,1,1,842,533,0,8-11Â¥²Ö¹Ü¿¨
1221479277,1,1,1,941,533,0,8-11Â¥²Ö¹Ü¿¨
1221479277,1,1,1,942,533,0,8-11Â¥²Ö¹Ü¿¨
1221479277,1,1,1,1042,533,0,8-11Â¥²Ö¹Ü¿¨
1221479277,1,1,1,1142,533,0,8-11Â¥²Ö¹Ü¿¨
-937111623,1,1,1,641,535,0,4-19Â¥×Ü²Ö¹Ü
-937111623,1,1,1,642,535,0,4-19Â¥×Ü²Ö¹Ü
-937111623,1,1,1,741,535,0,4-19Â¥×Ü²Ö¹Ü
-937111623,1,1,1,742,535,0,4-19Â¥×Ü²Ö¹Ü
-937111623,1,1,1,841,535,0,4-19Â¥×Ü²Ö¹Ü
-937111623,1,1,1,842,535,0,4-19Â¥×Ü²Ö¹Ü
-937111623,1,1,1,941,535,0,4-19Â¥×Ü²Ö¹Ü
-937111623,1,1,1,942,535,0,4-19Â¥×Ü²Ö¹Ü
-937111623,1,1,1,1042,535,0,4-19Â¥×Ü²Ö¹Ü
-937111623,1,1,1,1142,535,0,4-19Â¥×Ü²Ö¹Ü
-937111623,1,1,1,1242,535,0,4-19Â¥×Ü²Ö¹Ü
-937111623,1,1,1,1342,535,0,4-19Â¥×Ü²Ö¹Ü
-937111623,1,1,1,1442,535,0,4-19Â¥×Ü²Ö¹Ü
-937111623,1,1,1,1541,535,0,4-19Â¥×Ü²Ö¹Ü
-937111623,1,1,1,1542,535,0,4-19Â¥×Ü²Ö¹Ü
-937111623,1,1,1,1641,535,0,4-19Â¥×Ü²Ö¹Ü
-937111623,1,1,1,1741,535,0,4-19Â¥×Ü²Ö¹Ü
-937111623,1,1,1,1841,535,0,4-19Â¥×Ü²Ö¹Ü
-937111623,1,1,1,1941,535,0,4-19Â¥×Ü²Ö¹Ü
872784660,1,1,1,401,649,0,4Â¥×Ü·¿¿¨
872784660,1,1,1,402,649,0,4Â¥×Ü·¿¿¨
872784660,1,1,1,403,649,0,4Â¥×Ü·¿¿¨
872784660,1,1,1,404,649,0,4Â¥×Ü·¿¿¨
872784660,1,1,1,405,649,0,4Â¥×Ü·¿¿¨
872784660,1,1,1,406,649,0,4Â¥×Ü·¿¿¨
872784660,1,1,1,407,649,0,4Â¥×Ü·¿¿¨
872784660,1,1,1,408,649,0,4Â¥×Ü·¿¿¨
872784660,1,1,1,409,649,0,4Â¥×Ü·¿¿¨
872784660,1,1,1,410,649,0,4Â¥×Ü·¿¿¨
872784660,1,1,1,411,649,0,4Â¥×Ü·¿¿¨
872784660,1,1,1,412,649,0,4Â¥×Ü·¿¿¨
872784660,1,1,1,413,649,0,4Â¥×Ü·¿¿¨
872784660,1,1,1,414,649,0,4Â¥×Ü·¿¿¨
872784660,1,1,1,415,649,0,4Â¥×Ü·¿¿¨
872784660,1,1,1,416,649,0,4Â¥×Ü·¿¿¨
872784660,1,1,1,417,649,0,4Â¥×Ü·¿¿¨
872784660,1,1,1,418,649,0,4Â¥×Ü·¿¿¨
872784660,1,1,1,419,649,0,4Â¥×Ü·¿¿¨
872784660,1,1,1,420,649,0,4Â¥×Ü·¿¿¨
872784660,1,1,1,422,649,0,4Â¥×Ü·¿¿¨
872784660,1,1,1,440,649,0,4Â¥×Ü·¿¿¨
872784660,1,1,1,441,649,0,4Â¥×Ü·¿¿¨
872784660,1,1,1,488,649,0,4Â¥×Ü·¿¿¨
41437634,1,1,1,501,650,0,5Â¥×Ü·¿¿¨
41437634,1,1,1,502,650,0,5Â¥×Ü·¿¿¨
41437634,1,1,1,503,650,0,5Â¥×Ü·¿¿¨
41437634,1,1,1,504,650,0,5Â¥×Ü·¿¿¨
41437634,1,1,1,505,650,0,5Â¥×Ü·¿¿¨
41437634,1,1,1,506,650,0,5Â¥×Ü·¿¿¨
41437634,1,1,1,507,650,0,5Â¥×Ü·¿¿¨
41437634,1,1,1,508,650,0,5Â¥×Ü·¿¿¨
41437634,1,1,1,509,650,0,5Â¥×Ü·¿¿¨
41437634,1,1,1,510,650,0,5Â¥×Ü·¿¿¨
41437634,1,1,1,511,650,0,5Â¥×Ü·¿¿¨
41437634,1,1,1,512,650,0,5Â¥×Ü·¿¿¨
41437634,1,1,1,513,650,0,5Â¥×Ü·¿¿¨
41437634,1,1,1,514,650,0,5Â¥×Ü·¿¿¨
41437634,1,1,1,515,650,0,5Â¥×Ü·¿¿¨
41437634,1,1,1,516,650,0,5Â¥×Ü·¿¿¨
41437634,1,1,1,517,650,0,5Â¥×Ü·¿¿¨
41437634,1,1,1,518,650,0,5Â¥×Ü·¿¿¨
41437634,1,1,1,519,650,0,5Â¥×Ü·¿¿¨
41437634,1,1,1,520,650,0,5Â¥×Ü·¿¿¨
41437634,1,1,1,521,650,0,5Â¥×Ü·¿¿¨
41437634,1,1,1,522,650,0,5Â¥×Ü·¿¿¨
41437634,1,1,1,523,650,0,5Â¥×Ü·¿¿¨
41437634,1,1,1,525,650,0,5Â¥×Ü·¿¿¨
41437634,1,1,1,526,650,0,5Â¥×Ü·¿¿¨
41437634,1,1,1,527,650,0,5Â¥×Ü·¿¿¨
41437634,1,1,1,528,650,0,5Â¥×Ü·¿¿¨
41437634,1,1,1,529,650,0,5Â¥×Ü·¿¿¨
41437634,1,1,1,530,650,0,5Â¥×Ü·¿¿¨
41437634,1,1,1,531,650,0,5Â¥×Ü·¿¿¨
41437634,1,1,1,532,650,0,5Â¥×Ü·¿¿¨
41437634,1,1,1,533,650,0,5Â¥×Ü·¿¿¨
41437634,1,1,1,534,650,0,5Â¥×Ü·¿¿¨
41437634,1,1,1,535,650,0,5Â¥×Ü·¿¿¨
41437634,1,1,1,536,650,0,5Â¥×Ü·¿¿¨
41437634,1,1,1,537,650,0,5Â¥×Ü·¿¿¨
41437634,1,1,1,538,650,0,5Â¥×Ü·¿¿¨
41437634,1,1,1,539,650,0,5Â¥×Ü·¿¿¨
41437634,1,1,1,540,650,0,5Â¥×Ü·¿¿¨
41437634,1,1,1,541,650,0,5Â¥×Ü·¿¿¨
44587035,1,1,1,601,651,0,6Â¥×Ü·¿¿¨
44587035,1,1,1,602,651,0,6Â¥×Ü·¿¿¨
44587035,1,1,1,603,651,0,6Â¥×Ü·¿¿¨
44587035,1,1,1,604,651,0,6Â¥×Ü·¿¿¨
44587035,1,1,1,605,651,0,6Â¥×Ü·¿¿¨
44587035,1,1,1,606,651,0,6Â¥×Ü·¿¿¨
44587035,1,1,1,607,651,0,6Â¥×Ü·¿¿¨
44587035,1,1,1,608,651,0,6Â¥×Ü·¿¿¨
44587035,1,1,1,609,651,0,6Â¥×Ü·¿¿¨
44587035,1,1,1,610,651,0,6Â¥×Ü·¿¿¨
44587035,1,1,1,611,651,0,6Â¥×Ü·¿¿¨
44587035,1,1,1,612,651,0,6Â¥×Ü·¿¿¨
-638504405,1,1,1,1242,531,0,12-15Â¥²Ö¹Ü¿¨
-638504405,1,1,1,1342,531,0,12-15Â¥²Ö¹Ü¿¨
-638504405,1,1,1,1442,531,0,12-15Â¥²Ö¹Ü¿¨
-638504405,1,1,1,1541,531,0,12-15Â¥²Ö¹Ü¿¨
-638504405,1,1,1,1542,531,0,12-15Â¥²Ö¹Ü¿¨
132669568,1,1,1,841,528,0,8-9Â¥Çå½à¿¨
132669568,1,1,1,941,528,0,8-9Â¥Çå½à¿¨
-1365434383,1,1,1,841,590,0,8-11Â¥²é·¿¿¨
-1365434383,1,1,1,941,590,0,8-11Â¥²é·¿¿¨
1897426440,1,1,1,841,626,0,8-10Â¥×ÛºÏÇå½à¿¨
1897426440,1,1,1,941,626,0,8-10Â¥×ÛºÏÇå½à¿¨
-45936018,1,1,1,641,527,0,6-7Â¥Çå½à¿¨
-45936018,1,1,1,741,527,0,6-7Â¥Çå½à¿¨
-199981540,1,1,1,441,536,0,4-7Â¥²é·¿¿¨
-199981540,1,1,1,541,536,0,4-7Â¥²é·¿¿¨
-199981540,1,1,1,641,536,0,4-7Â¥²é·¿¿¨
-199981540,1,1,1,741,536,0,4-7Â¥²é·¿¿¨
-27712958,1,1,1,441,442,0,4-5Â¥Çå½à¿¨
-27712958,1,1,1,541,442,0,4-5Â¥Çå½à¿¨
1402774312,1,1,1,1841,529,0,18-19Â¥Çå½à¿¨
1402774312,1,1,1,1941,529,0,18-19Â¥Çå½à¿¨
65177536,1,1,1,1741,624,0,17-19Â¥×ÛºÏÇå½à¿¨
65177536,1,1,1,1841,624,0,17-19Â¥×ÛºÏÇå½à¿¨
65177536,1,1,1,1941,624,0,17-19Â¥×ÛºÏÇå½à¿¨
-72748060,1,1,1,1641,592,0,16-19Â¥²é·¿¿¨
-72748060,1,1,1,1741,592,0,16-19Â¥²é·¿¿¨
-72748060,1,1,1,1841,592,0,16-19Â¥²é·¿¿¨
-72748060,1,1,1,1941,592,0,16-19Â¥²é·¿¿¨
-584628913,1,1,1,1601,668,0,16-17Â¥Çå½à¿¨
-584628913,1,1,1,1602,668,0,16-17Â¥Çå½à¿¨
-584628913,1,1,1,1603,668,0,16-17Â¥Çå½à¿¨
-584628913,1,1,1,1605,668,0,16-17Â¥Çå½à¿¨
-584628913,1,1,1,1606,668,0,16-17Â¥Çå½à¿¨
-584628913,1,1,1,1607,668,0,16-17Â¥Çå½à¿¨
-584628913,1,1,1,1608,668,0,16-17Â¥Çå½à¿¨
-584628913,1,1,1,1609,668,0,16-17Â¥Çå½à¿¨
-584628913,1,1,1,1611,668,0,16-17Â¥Çå½à¿¨
-584628913,1,1,1,1612,668,0,16-17Â¥Çå½à¿¨
-584628913,1,1,1,1613,668,0,16-17Â¥Çå½à¿¨
-584628913,1,1,1,1614,668,0,16-17Â¥Çå½à¿¨
-584628913,1,1,1,1615,668,0,16-17Â¥Çå½à¿¨
-584628913,1,1,1,1616,668,0,16-17Â¥Çå½à¿¨
-584628913,1,1,1,1617,668,0,16-17Â¥Çå½à¿¨
-584628913,1,1,1,1618,668,0,16-17Â¥Çå½à¿¨
-584628913,1,1,1,1619,668,0,16-17Â¥Çå½à¿¨
-584628913,1,1,1,1620,668,0,16-17Â¥Çå½à¿¨
-584628913,1,1,1,1621,668,0,16-17Â¥Çå½à¿¨
-584628913,1,1,1,1622,668,0,16-17Â¥Çå½à¿¨
-584628913,1,1,1,1623,668,0,16-17Â¥Çå½à¿¨
-584628913,1,1,1,1626,668,0,16-17Â¥Çå½à¿¨
-584628913,1,1,1,1628,668,0,16-17Â¥Çå½à¿¨
-584628913,1,1,1,1629,668,0,16-17Â¥Çå½à¿¨
-584628913,1,1,1,1639,668,0,16-17Â¥Çå½à¿¨
-584628913,1,1,1,1640,668,0,16-17Â¥Çå½à¿¨
-584628913,1,1,1,1641,668,0,16-17Â¥Çå½à¿¨
-584628913,1,1,1,1688,668,0,16-17Â¥Çå½à¿¨
-584628913,1,1,1,1701,668,0,16-17Â¥Çå½à¿¨
-584628913,1,1,1,1702,668,0,16-17Â¥Çå½à¿¨
-584628913,1,1,1,1703,668,0,16-17Â¥Çå½à¿¨
-584628913,1,1,1,1704,668,0,16-17Â¥Çå½à¿¨
-584628913,1,1,1,1705,668,0,16-17Â¥Çå½à¿¨
-584628913,1,1,1,1706,668,0,16-17Â¥Çå½à¿¨
-584628913,1,1,1,1707,668,0,16-17Â¥Çå½à¿¨
-584628913,1,1,1,1708,668,0,16-17Â¥Çå½à¿¨
-584628913,1,1,1,1709,668,0,16-17Â¥Çå½à¿¨
-584628913,1,1,1,1710,668,0,16-17Â¥Çå½à¿¨
-584628913,1,1,1,1711,668,0,16-17Â¥Çå½à¿¨
-584628913,1,1,1,1712,668,0,16-17Â¥Çå½à¿¨
-584628913,1,1,1,1713,668,0,16-17Â¥Çå½à¿¨
-584628913,1,1,1,1714,668,0,16-17Â¥Çå½à¿¨
-584628913,1,1,1,1715,668,0,16-17Â¥Çå½à¿¨
-584628913,1,1,1,1716,668,0,16-17Â¥Çå½à¿¨
-584628913,1,1,1,1717,668,0,16-17Â¥Çå½à¿¨
-584628913,1,1,1,1718,668,0,16-17Â¥Çå½à¿¨
-584628913,1,1,1,1719,668,0,16-17Â¥Çå½à¿¨
-584628913,1,1,1,1720,668,0,16-17Â¥Çå½à¿¨
-584628913,1,1,1,1721,668,0,16-17Â¥Çå½à¿¨
-584628913,1,1,1,1722,668,0,16-17Â¥Çå½à¿¨
-584628913,1,1,1,1723,668,0,16-17Â¥Çå½à¿¨
-584628913,1,1,1,1725,668,0,16-17Â¥Çå½à¿¨
-584628913,1,1,1,1726,668,0,16-17Â¥Çå½à¿¨
-584628913,1,1,1,1727,668,0,16-17Â¥Çå½à¿¨
-584628913,1,1,1,1728,668,0,16-17Â¥Çå½à¿¨
-584628913,1,1,1,1729,668,0,16-17Â¥Çå½à¿¨
-584628913,1,1,1,1739,668,0,16-17Â¥Çå½à¿¨
-584628913,1,1,1,1740,668,0,16-17Â¥Çå½à¿¨
-584628913,1,1,1,1741,668,0,16-17Â¥Çå½à¿¨
-584628913,1,1,1,1788,668,0,16-17Â¥Çå½à¿¨
40006656,1,1,1,1541,625,0,14-16Â¥×ÛºÏÇå½à¿¨
40006656,1,1,1,1641,625,0,14-16Â¥×ÛºÏÇå½à¿¨
44587035,1,1,1,613,651,0,6Â¥×Ü·¿¿¨
44587035,1,1,1,614,651,0,6Â¥×Ü·¿¿¨
44587035,1,1,1,615,651,0,6Â¥×Ü·¿¿¨
44587035,1,1,1,616,651,0,6Â¥×Ü·¿¿¨
44587035,1,1,1,617,651,0,6Â¥×Ü·¿¿¨
44587035,1,1,1,618,651,0,6Â¥×Ü·¿¿¨
44587035,1,1,1,620,651,0,6Â¥×Ü·¿¿¨
44587035,1,1,1,621,651,0,6Â¥×Ü·¿¿¨
44587035,1,1,1,622,651,0,6Â¥×Ü·¿¿¨
44587035,1,1,1,623,651,0,6Â¥×Ü·¿¿¨
44587035,1,1,1,625,651,0,6Â¥×Ü·¿¿¨
44587035,1,1,1,626,651,0,6Â¥×Ü·¿¿¨
44587035,1,1,1,627,651,0,6Â¥×Ü·¿¿¨
44587035,1,1,1,628,651,0,6Â¥×Ü·¿¿¨
44587035,1,1,1,629,651,0,6Â¥×Ü·¿¿¨
44587035,1,1,1,630,651,0,6Â¥×Ü·¿¿¨
44587035,1,1,1,631,651,0,6Â¥×Ü·¿¿¨
44587035,1,1,1,632,651,0,6Â¥×Ü·¿¿¨
44587035,1,1,1,633,651,0,6Â¥×Ü·¿¿¨
44587035,1,1,1,634,651,0,6Â¥×Ü·¿¿¨
44587035,1,1,1,635,651,0,6Â¥×Ü·¿¿¨
44587035,1,1,1,636,651,0,6Â¥×Ü·¿¿¨
44587035,1,1,1,637,651,0,6Â¥×Ü·¿¿¨
44587035,1,1,1,638,651,0,6Â¥×Ü·¿¿¨
44587035,1,1,1,639,651,0,6Â¥×Ü·¿¿¨
44587035,1,1,1,640,651,0,6Â¥×Ü·¿¿¨
44587035,1,1,1,641,651,0,6Â¥×Ü·¿¿¨
44587035,1,1,1,688,651,0,6Â¥×Ü·¿¿¨
-757749167,1,1,1,701,652,0,7Â¥×Ü·¿¿¨
-757749167,1,1,1,702,652,0,7Â¥×Ü·¿¿¨
-757749167,1,1,1,703,652,0,7Â¥×Ü·¿¿¨
-757749167,1,1,1,704,652,0,7Â¥×Ü·¿¿¨
-757749167,1,1,1,705,652,0,7Â¥×Ü·¿¿¨
-757749167,1,1,1,706,652,0,7Â¥×Ü·¿¿¨
-757749167,1,1,1,707,652,0,7Â¥×Ü·¿¿¨
-757749167,1,1,1,708,652,0,7Â¥×Ü·¿¿¨
-757749167,1,1,1,709,652,0,7Â¥×Ü·¿¿¨
-757749167,1,1,1,710,652,0,7Â¥×Ü·¿¿¨
-757749167,1,1,1,711,652,0,7Â¥×Ü·¿¿¨
-757749167,1,1,1,712,652,0,7Â¥×Ü·¿¿¨
-757749167,1,1,1,713,652,0,7Â¥×Ü·¿¿¨
-757749167,1,1,1,714,652,0,7Â¥×Ü·¿¿¨
-757749167,1,1,1,715,652,0,7Â¥×Ü·¿¿¨
-757749167,1,1,1,716,652,0,7Â¥×Ü·¿¿¨
-757749167,1,1,1,717,652,0,7Â¥×Ü·¿¿¨
-757749167,1,1,1,718,652,0,7Â¥×Ü·¿¿¨
-757749167,1,1,1,719,652,0,7Â¥×Ü·¿¿¨
-757749167,1,1,1,720,652,0,7Â¥×Ü·¿¿¨
-757749167,1,1,1,721,652,0,7Â¥×Ü·¿¿¨
-757749167,1,1,1,722,652,0,7Â¥×Ü·¿¿¨
-757749167,1,1,1,723,652,0,7Â¥×Ü·¿¿¨
-757749167,1,1,1,725,652,0,7Â¥×Ü·¿¿¨
-757749167,1,1,1,726,652,0,7Â¥×Ü·¿¿¨
-757749167,1,1,1,727,652,0,7Â¥×Ü·¿¿¨
-757749167,1,1,1,728,652,0,7Â¥×Ü·¿¿¨
-757749167,1,1,1,729,652,0,7Â¥×Ü·¿¿¨
-757749167,1,1,1,730,652,0,7Â¥×Ü·¿¿¨
-757749167,1,1,1,731,652,0,7Â¥×Ü·¿¿¨
-757749167,1,1,1,732,652,0,7Â¥×Ü·¿¿¨
-757749167,1,1,1,733,652,0,7Â¥×Ü·¿¿¨
-757749167,1,1,1,734,652,0,7Â¥×Ü·¿¿¨
-757749167,1,1,1,735,652,0,7Â¥×Ü·¿¿¨
-757749167,1,1,1,736,652,0,7Â¥×Ü·¿¿¨
-757749167,1,1,1,738,652,0,7Â¥×Ü·¿¿¨
-757749167,1,1,1,739,652,0,7Â¥×Ü·¿¿¨
-757749167,1,1,1,740,652,0,7Â¥×Ü·¿¿¨
-757749167,1,1,1,741,652,0,7Â¥×Ü·¿¿¨
-757749167,1,1,1,788,652,0,7Â¥×Ü·¿¿¨
-1026057440,1,1,1,701,653,0,7Â¥×Ü·¿¿¨
-1026057440,1,1,1,702,653,0,7Â¥×Ü·¿¿¨
-1026057440,1,1,1,703,653,0,7Â¥×Ü·¿¿¨
-1026057440,1,1,1,704,653,0,7Â¥×Ü·¿¿¨
-1026057440,1,1,1,705,653,0,7Â¥×Ü·¿¿¨
-1026057440,1,1,1,706,653,0,7Â¥×Ü·¿¿¨
-1026057440,1,1,1,707,653,0,7Â¥×Ü·¿¿¨
-1026057440,1,1,1,708,653,0,7Â¥×Ü·¿¿¨
-1026057440,1,1,1,709,653,0,7Â¥×Ü·¿¿¨
-1026057440,1,1,1,710,653,0,7Â¥×Ü·¿¿¨
-1026057440,1,1,1,711,653,0,7Â¥×Ü·¿¿¨
-1026057440,1,1,1,712,653,0,7Â¥×Ü·¿¿¨
-1026057440,1,1,1,713,653,0,7Â¥×Ü·¿¿¨
-1026057440,1,1,1,714,653,0,7Â¥×Ü·¿¿¨
-1026057440,1,1,1,715,653,0,7Â¥×Ü·¿¿¨
-1026057440,1,1,1,716,653,0,7Â¥×Ü·¿¿¨
-1026057440,1,1,1,717,653,0,7Â¥×Ü·¿¿¨
-1026057440,1,1,1,718,653,0,7Â¥×Ü·¿¿¨
-1026057440,1,1,1,719,653,0,7Â¥×Ü·¿¿¨
-1026057440,1,1,1,720,653,0,7Â¥×Ü·¿¿¨
-1026057440,1,1,1,721,653,0,7Â¥×Ü·¿¿¨
-1026057440,1,1,1,722,653,0,7Â¥×Ü·¿¿¨
-1026057440,1,1,1,723,653,0,7Â¥×Ü·¿¿¨
-1026057440,1,1,1,725,653,0,7Â¥×Ü·¿¿¨
-1026057440,1,1,1,726,653,0,7Â¥×Ü·¿¿¨
-1026057440,1,1,1,727,653,0,7Â¥×Ü·¿¿¨
-1026057440,1,1,1,728,653,0,7Â¥×Ü·¿¿¨
-1026057440,1,1,1,729,653,0,7Â¥×Ü·¿¿¨
-1026057440,1,1,1,730,653,0,7Â¥×Ü·¿¿¨
-1026057440,1,1,1,731,653,0,7Â¥×Ü·¿¿¨
-1026057440,1,1,1,732,653,0,7Â¥×Ü·¿¿¨
-1026057440,1,1,1,733,653,0,7Â¥×Ü·¿¿¨
-1026057440,1,1,1,734,653,0,7Â¥×Ü·¿¿¨
-1026057440,1,1,1,735,653,0,7Â¥×Ü·¿¿¨
-1026057440,1,1,1,736,653,0,7Â¥×Ü·¿¿¨
-1026057440,1,1,1,738,653,0,7Â¥×Ü·¿¿¨
-1026057440,1,1,1,739,653,0,7Â¥×Ü·¿¿¨
-1026057440,1,1,1,740,653,0,7Â¥×Ü·¿¿¨
-1026057440,1,1,1,741,653,0,7Â¥×Ü·¿¿¨
-1026057440,1,1,1,788,653,0,7Â¥×Ü·¿¿¨
-102907296,1,1,1,701,654,0,7Â¥×Ü·¿¿¨
-102907296,1,1,1,702,654,0,7Â¥×Ü·¿¿¨
-102907296,1,1,1,703,654,0,7Â¥×Ü·¿¿¨
-102907296,1,1,1,704,654,0,7Â¥×Ü·¿¿¨
-102907296,1,1,1,705,654,0,7Â¥×Ü·¿¿¨
-102907296,1,1,1,706,654,0,7Â¥×Ü·¿¿¨
-102907296,1,1,1,707,654,0,7Â¥×Ü·¿¿¨
-102907296,1,1,1,711,654,0,7Â¥×Ü·¿¿¨
-102907296,1,1,1,712,654,0,7Â¥×Ü·¿¿¨
-102907296,1,1,1,713,654,0,7Â¥×Ü·¿¿¨
-102907296,1,1,1,714,654,0,7Â¥×Ü·¿¿¨
-102907296,1,1,1,715,654,0,7Â¥×Ü·¿¿¨
-102907296,1,1,1,716,654,0,7Â¥×Ü·¿¿¨
-102907296,1,1,1,717,654,0,7Â¥×Ü·¿¿¨
-102907296,1,1,1,718,654,0,7Â¥×Ü·¿¿¨
-102907296,1,1,1,719,654,0,7Â¥×Ü·¿¿¨
-102907296,1,1,1,720,654,0,7Â¥×Ü·¿¿¨
-102907296,1,1,1,721,654,0,7Â¥×Ü·¿¿¨
-102907296,1,1,1,722,654,0,7Â¥×Ü·¿¿¨
-102907296,1,1,1,723,654,0,7Â¥×Ü·¿¿¨
-102907296,1,1,1,728,654,0,7Â¥×Ü·¿¿¨
-102907296,1,1,1,729,654,0,7Â¥×Ü·¿¿¨
-102907296,1,1,1,730,654,0,7Â¥×Ü·¿¿¨
-102907296,1,1,1,731,654,0,7Â¥×Ü·¿¿¨
-102907296,1,1,1,732,654,0,7Â¥×Ü·¿¿¨
-102907296,1,1,1,733,654,0,7Â¥×Ü·¿¿¨
-102907296,1,1,1,734,654,0,7Â¥×Ü·¿¿¨
-102907296,1,1,1,735,654,0,7Â¥×Ü·¿¿¨
-102907296,1,1,1,736,654,0,7Â¥×Ü·¿¿¨
-102907296,1,1,1,738,654,0,7Â¥×Ü·¿¿¨
-102907296,1,1,1,739,654,0,7Â¥×Ü·¿¿¨
-102907296,1,1,1,740,654,0,7Â¥×Ü·¿¿¨
-102907296,1,1,1,741,654,0,7Â¥×Ü·¿¿¨
1512194012,1,1,1,701,655,0,7Â¥×Ü·¿¿¨
1512194012,1,1,1,702,655,0,7Â¥×Ü·¿¿¨
1512194012,1,1,1,703,655,0,7Â¥×Ü·¿¿¨
1512194012,1,1,1,704,655,0,7Â¥×Ü·¿¿¨
1512194012,1,1,1,705,655,0,7Â¥×Ü·¿¿¨
1512194012,1,1,1,706,655,0,7Â¥×Ü·¿¿¨
1512194012,1,1,1,707,655,0,7Â¥×Ü·¿¿¨
1512194012,1,1,1,711,655,0,7Â¥×Ü·¿¿¨
1512194012,1,1,1,712,655,0,7Â¥×Ü·¿¿¨
1512194012,1,1,1,713,655,0,7Â¥×Ü·¿¿¨
1512194012,1,1,1,714,655,0,7Â¥×Ü·¿¿¨
1512194012,1,1,1,715,655,0,7Â¥×Ü·¿¿¨
1512194012,1,1,1,716,655,0,7Â¥×Ü·¿¿¨
1512194012,1,1,1,717,655,0,7Â¥×Ü·¿¿¨
1512194012,1,1,1,718,655,0,7Â¥×Ü·¿¿¨
1512194012,1,1,1,719,655,0,7Â¥×Ü·¿¿¨
1512194012,1,1,1,720,655,0,7Â¥×Ü·¿¿¨
1512194012,1,1,1,721,655,0,7Â¥×Ü·¿¿¨
1512194012,1,1,1,722,655,0,7Â¥×Ü·¿¿¨
1512194012,1,1,1,723,655,0,7Â¥×Ü·¿¿¨
1512194012,1,1,1,728,655,0,7Â¥×Ü·¿¿¨
1512194012,1,1,1,729,655,0,7Â¥×Ü·¿¿¨
1512194012,1,1,1,730,655,0,7Â¥×Ü·¿¿¨
1512194012,1,1,1,731,655,0,7Â¥×Ü·¿¿¨
1512194012,1,1,1,732,655,0,7Â¥×Ü·¿¿¨
1512194012,1,1,1,733,655,0,7Â¥×Ü·¿¿¨
1512194012,1,1,1,734,655,0,7Â¥×Ü·¿¿¨
1512194012,1,1,1,735,655,0,7Â¥×Ü·¿¿¨
1512194012,1,1,1,736,655,0,7Â¥×Ü·¿¿¨
1512194012,1,1,1,738,655,0,7Â¥×Ü·¿¿¨
1512194012,1,1,1,739,655,0,7Â¥×Ü·¿¿¨
1512194012,1,1,1,740,655,0,7Â¥×Ü·¿¿¨
1512194012,1,1,1,741,655,0,7Â¥×Ü·¿¿¨
1415528630,1,1,1,802,656,0,8Â¥×Ü·¿¿¨
1415528630,1,1,1,803,656,0,8Â¥×Ü·¿¿¨
1415528630,1,1,1,804,656,0,8Â¥×Ü·¿¿¨
1415528630,1,1,1,805,656,0,8Â¥×Ü·¿¿¨
1415528630,1,1,1,806,656,0,8Â¥×Ü·¿¿¨
1415528630,1,1,1,807,656,0,8Â¥×Ü·¿¿¨
1415528630,1,1,1,808,656,0,8Â¥×Ü·¿¿¨
1415528630,1,1,1,809,656,0,8Â¥×Ü·¿¿¨
1415528630,1,1,1,810,656,0,8Â¥×Ü·¿¿¨
1415528630,1,1,1,811,656,0,8Â¥×Ü·¿¿¨
1415528630,1,1,1,812,656,0,8Â¥×Ü·¿¿¨
1415528630,1,1,1,813,656,0,8Â¥×Ü·¿¿¨
1415528630,1,1,1,814,656,0,8Â¥×Ü·¿¿¨
1415528630,1,1,1,815,656,0,8Â¥×Ü·¿¿¨
1415528630,1,1,1,816,656,0,8Â¥×Ü·¿¿¨
1415528630,1,1,1,817,656,0,8Â¥×Ü·¿¿¨
1415528630,1,1,1,818,656,0,8Â¥×Ü·¿¿¨
1415528630,1,1,1,819,656,0,8Â¥×Ü·¿¿¨
1415528630,1,1,1,820,656,0,8Â¥×Ü·¿¿¨
1415528630,1,1,1,821,656,0,8Â¥×Ü·¿¿¨
1415528630,1,1,1,822,656,0,8Â¥×Ü·¿¿¨
1415528630,1,1,1,823,656,0,8Â¥×Ü·¿¿¨
1415528630,1,1,1,825,656,0,8Â¥×Ü·¿¿¨
1415528630,1,1,1,826,656,0,8Â¥×Ü·¿¿¨
1415528630,1,1,1,827,656,0,8Â¥×Ü·¿¿¨
1415528630,1,1,1,828,656,0,8Â¥×Ü·¿¿¨
1415528630,1,1,1,829,656,0,8Â¥×Ü·¿¿¨
1415528630,1,1,1,830,656,0,8Â¥×Ü·¿¿¨
1415528630,1,1,1,831,656,0,8Â¥×Ü·¿¿¨
1415528630,1,1,1,832,656,0,8Â¥×Ü·¿¿¨
1415528630,1,1,1,833,656,0,8Â¥×Ü·¿¿¨
1415528630,1,1,1,834,656,0,8Â¥×Ü·¿¿¨
1415528630,1,1,1,835,656,0,8Â¥×Ü·¿¿¨
1415528630,1,1,1,836,656,0,8Â¥×Ü·¿¿¨
1415528630,1,1,1,837,656,0,8Â¥×Ü·¿¿¨
1415528630,1,1,1,838,656,0,8Â¥×Ü·¿¿¨
1415528630,1,1,1,839,656,0,8Â¥×Ü·¿¿¨
1415528630,1,1,1,840,656,0,8Â¥×Ü·¿¿¨
1415528630,1,1,1,841,656,0,8Â¥×Ü·¿¿¨
1415528630,1,1,1,888,656,0,8Â¥×Ü·¿¿¨
55030428,1,1,1,908,657,0,9Â¥×Ü·¿¿¨
55030428,1,1,1,909,657,0,9Â¥×Ü·¿¿¨
55030428,1,1,1,925,657,0,9Â¥×Ü·¿¿¨
55030428,1,1,1,926,657,0,9Â¥×Ü·¿¿¨
55030428,1,1,1,941,657,0,9Â¥×Ü·¿¿¨
55030428,1,1,1,901,657,0,9Â¥×Ü·¿¿¨
55030428,1,1,1,902,657,0,9Â¥×Ü·¿¿¨
55030428,1,1,1,903,657,0,9Â¥×Ü·¿¿¨
55030428,1,1,1,904,657,0,9Â¥×Ü·¿¿¨
55030428,1,1,1,905,657,0,9Â¥×Ü·¿¿¨
55030428,1,1,1,906,657,0,9Â¥×Ü·¿¿¨
55030428,1,1,1,907,657,0,9Â¥×Ü·¿¿¨
55030428,1,1,1,910,657,0,9Â¥×Ü·¿¿¨
55030428,1,1,1,911,657,0,9Â¥×Ü·¿¿¨
55030428,1,1,1,912,657,0,9Â¥×Ü·¿¿¨
55030428,1,1,1,913,657,0,9Â¥×Ü·¿¿¨
55030428,1,1,1,914,657,0,9Â¥×Ü·¿¿¨
55030428,1,1,1,915,657,0,9Â¥×Ü·¿¿¨
55030428,1,1,1,916,657,0,9Â¥×Ü·¿¿¨
55030428,1,1,1,917,657,0,9Â¥×Ü·¿¿¨
55030428,1,1,1,918,657,0,9Â¥×Ü·¿¿¨
55030428,1,1,1,919,657,0,9Â¥×Ü·¿¿¨
55030428,1,1,1,920,657,0,9Â¥×Ü·¿¿¨
55030428,1,1,1,921,657,0,9Â¥×Ü·¿¿¨
55030428,1,1,1,922,657,0,9Â¥×Ü·¿¿¨
55030428,1,1,1,923,657,0,9Â¥×Ü·¿¿¨
55030428,1,1,1,927,657,0,9Â¥×Ü·¿¿¨
55030428,1,1,1,928,657,0,9Â¥×Ü·¿¿¨
55030428,1,1,1,929,657,0,9Â¥×Ü·¿¿¨
55030428,1,1,1,930,657,0,9Â¥×Ü·¿¿¨
55030428,1,1,1,931,657,0,9Â¥×Ü·¿¿¨
55030428,1,1,1,932,657,0,9Â¥×Ü·¿¿¨
55030428,1,1,1,933,657,0,9Â¥×Ü·¿¿¨
55030428,1,1,1,934,657,0,9Â¥×Ü·¿¿¨
55030428,1,1,1,935,657,0,9Â¥×Ü·¿¿¨
55030428,1,1,1,936,657,0,9Â¥×Ü·¿¿¨
55030428,1,1,1,937,657,0,9Â¥×Ü·¿¿¨
55030428,1,1,1,938,657,0,9Â¥×Ü·¿¿¨
55030428,1,1,1,939,657,0,9Â¥×Ü·¿¿¨
55030428,1,1,1,940,657,0,9Â¥×Ü·¿¿¨
55030428,1,1,1,988,657,0,9Â¥×Ü·¿¿¨
-1196941323,1,1,1,1001,658,0,10Â¥×Ü·¿¿¨
-1196941323,1,1,1,1003,658,0,10Â¥×Ü·¿¿¨
-1196941323,1,1,1,1004,658,0,10Â¥×Ü·¿¿¨
-1196941323,1,1,1,1005,658,0,10Â¥×Ü·¿¿¨
-1196941323,1,1,1,1006,658,0,10Â¥×Ü·¿¿¨
-1196941323,1,1,1,1007,658,0,10Â¥×Ü·¿¿¨
-1196941323,1,1,1,1008,658,0,10Â¥×Ü·¿¿¨
-1196941323,1,1,1,1009,658,0,10Â¥×Ü·¿¿¨
-1196941323,1,1,1,1010,658,0,10Â¥×Ü·¿¿¨
-1196941323,1,1,1,1011,658,0,10Â¥×Ü·¿¿¨
-1196941323,1,1,1,1012,658,0,10Â¥×Ü·¿¿¨
-1196941323,1,1,1,1013,658,0,10Â¥×Ü·¿¿¨
-1196941323,1,1,1,1014,658,0,10Â¥×Ü·¿¿¨
-1196941323,1,1,1,1015,658,0,10Â¥×Ü·¿¿¨
-1196941323,1,1,1,1016,658,0,10Â¥×Ü·¿¿¨
-1196941323,1,1,1,1017,658,0,10Â¥×Ü·¿¿¨
-1196941323,1,1,1,1018,658,0,10Â¥×Ü·¿¿¨
-1196941323,1,1,1,1019,658,0,10Â¥×Ü·¿¿¨
-1196941323,1,1,1,1020,658,0,10Â¥×Ü·¿¿¨
-1196941323,1,1,1,1021,658,0,10Â¥×Ü·¿¿¨
-1196941323,1,1,1,1022,658,0,10Â¥×Ü·¿¿¨
-1196941323,1,1,1,1023,658,0,10Â¥×Ü·¿¿¨
-1196941323,1,1,1,1025,658,0,10Â¥×Ü·¿¿¨
-1196941323,1,1,1,1026,658,0,10Â¥×Ü·¿¿¨
-1196941323,1,1,1,1027,658,0,10Â¥×Ü·¿¿¨
-1196941323,1,1,1,1028,658,0,10Â¥×Ü·¿¿¨
-1196941323,1,1,1,1029,658,0,10Â¥×Ü·¿¿¨
-1196941323,1,1,1,1030,658,0,10Â¥×Ü·¿¿¨
-1196941323,1,1,1,1031,658,0,10Â¥×Ü·¿¿¨
-1196941323,1,1,1,1032,658,0,10Â¥×Ü·¿¿¨
-1196941323,1,1,1,1033,658,0,10Â¥×Ü·¿¿¨
-1196941323,1,1,1,1034,658,0,10Â¥×Ü·¿¿¨
-1196941323,1,1,1,1035,658,0,10Â¥×Ü·¿¿¨
-1196941323,1,1,1,1036,658,0,10Â¥×Ü·¿¿¨
-1196941323,1,1,1,1037,658,0,10Â¥×Ü·¿¿¨
-1196941323,1,1,1,1038,658,0,10Â¥×Ü·¿¿¨
-1196941323,1,1,1,1039,658,0,10Â¥×Ü·¿¿¨
-1196941323,1,1,1,1040,658,0,10Â¥×Ü·¿¿¨
-1196941323,1,1,1,1041,658,0,10Â¥×Ü·¿¿¨
-1196941323,1,1,1,1088,658,0,10Â¥×Ü·¿¿¨
-713508927,1,1,1,1101,659,0,11Â¥×Ü·¿¿¨
-713508927,1,1,1,1102,659,0,11Â¥×Ü·¿¿¨
-713508927,1,1,1,1103,659,0,11Â¥×Ü·¿¿¨
-713508927,1,1,1,1104,659,0,11Â¥×Ü·¿¿¨
-713508927,1,1,1,1105,659,0,11Â¥×Ü·¿¿¨
-713508927,1,1,1,1106,659,0,11Â¥×Ü·¿¿¨
-713508927,1,1,1,1107,659,0,11Â¥×Ü·¿¿¨
-713508927,1,1,1,1108,659,0,11Â¥×Ü·¿¿¨
-713508927,1,1,1,1109,659,0,11Â¥×Ü·¿¿¨
-713508927,1,1,1,1110,659,0,11Â¥×Ü·¿¿¨
-713508927,1,1,1,1111,659,0,11Â¥×Ü·¿¿¨
-713508927,1,1,1,1112,659,0,11Â¥×Ü·¿¿¨
-713508927,1,1,1,1113,659,0,11Â¥×Ü·¿¿¨
-713508927,1,1,1,1114,659,0,11Â¥×Ü·¿¿¨
-713508927,1,1,1,1115,659,0,11Â¥×Ü·¿¿¨
-713508927,1,1,1,1116,659,0,11Â¥×Ü·¿¿¨
-713508927,1,1,1,1117,659,0,11Â¥×Ü·¿¿¨
-713508927,1,1,1,1118,659,0,11Â¥×Ü·¿¿¨
-713508927,1,1,1,1119,659,0,11Â¥×Ü·¿¿¨
-713508927,1,1,1,1120,659,0,11Â¥×Ü·¿¿¨
-713508927,1,1,1,1121,659,0,11Â¥×Ü·¿¿¨
-713508927,1,1,1,1122,659,0,11Â¥×Ü·¿¿¨
-713508927,1,1,1,1123,659,0,11Â¥×Ü·¿¿¨
-713508927,1,1,1,1125,659,0,11Â¥×Ü·¿¿¨
-713508927,1,1,1,1126,659,0,11Â¥×Ü·¿¿¨
-713508927,1,1,1,1127,659,0,11Â¥×Ü·¿¿¨
-713508927,1,1,1,1128,659,0,11Â¥×Ü·¿¿¨
-713508927,1,1,1,1130,659,0,11Â¥×Ü·¿¿¨
-713508927,1,1,1,1131,659,0,11Â¥×Ü·¿¿¨
-713508927,1,1,1,1132,659,0,11Â¥×Ü·¿¿¨
-713508927,1,1,1,1133,659,0,11Â¥×Ü·¿¿¨
-713508927,1,1,1,1134,659,0,11Â¥×Ü·¿¿¨
-713508927,1,1,1,1135,659,0,11Â¥×Ü·¿¿¨
-713508927,1,1,1,1136,659,0,11Â¥×Ü·¿¿¨
-713508927,1,1,1,1137,659,0,11Â¥×Ü·¿¿¨
-713508927,1,1,1,1138,659,0,11Â¥×Ü·¿¿¨
-713508927,1,1,1,1139,659,0,11Â¥×Ü·¿¿¨
-713508927,1,1,1,1140,659,0,11Â¥×Ü·¿¿¨
-713508927,1,1,1,1141,659,0,11Â¥×Ü·¿¿¨
-713508927,1,1,1,1188,659,0,11Â¥×Ü·¿¿¨
-108706804,1,1,1,1201,660,0,12Â¥×Ü·¿¿¨
-108706804,1,1,1,1202,660,0,12Â¥×Ü·¿¿¨
-108706804,1,1,1,1203,660,0,12Â¥×Ü·¿¿¨
-108706804,1,1,1,1204,660,0,12Â¥×Ü·¿¿¨
-108706804,1,1,1,1205,660,0,12Â¥×Ü·¿¿¨
-108706804,1,1,1,1206,660,0,12Â¥×Ü·¿¿¨
-108706804,1,1,1,1207,660,0,12Â¥×Ü·¿¿¨
-108706804,1,1,1,1208,660,0,12Â¥×Ü·¿¿¨
-108706804,1,1,1,1209,660,0,12Â¥×Ü·¿¿¨
-108706804,1,1,1,1210,660,0,12Â¥×Ü·¿¿¨
-108706804,1,1,1,1211,660,0,12Â¥×Ü·¿¿¨
-108706804,1,1,1,1212,660,0,12Â¥×Ü·¿¿¨
-108706804,1,1,1,1213,660,0,12Â¥×Ü·¿¿¨
-108706804,1,1,1,1214,660,0,12Â¥×Ü·¿¿¨
-108706804,1,1,1,1215,660,0,12Â¥×Ü·¿¿¨
-108706804,1,1,1,1216,660,0,12Â¥×Ü·¿¿¨
-108706804,1,1,1,1217,660,0,12Â¥×Ü·¿¿¨
-108706804,1,1,1,1218,660,0,12Â¥×Ü·¿¿¨
-108706804,1,1,1,1219,660,0,12Â¥×Ü·¿¿¨
-108706804,1,1,1,1220,660,0,12Â¥×Ü·¿¿¨
-108706804,1,1,1,1221,660,0,12Â¥×Ü·¿¿¨
-108706804,1,1,1,1222,660,0,12Â¥×Ü·¿¿¨
-108706804,1,1,1,1223,660,0,12Â¥×Ü·¿¿¨
-108706804,1,1,1,1225,660,0,12Â¥×Ü·¿¿¨
-108706804,1,1,1,1226,660,0,12Â¥×Ü·¿¿¨
-108706804,1,1,1,1227,660,0,12Â¥×Ü·¿¿¨
-108706804,1,1,1,1228,660,0,12Â¥×Ü·¿¿¨
-108706804,1,1,1,1229,660,0,12Â¥×Ü·¿¿¨
-108706804,1,1,1,1230,660,0,12Â¥×Ü·¿¿¨
-108706804,1,1,1,1231,660,0,12Â¥×Ü·¿¿¨
-108706804,1,1,1,1232,660,0,12Â¥×Ü·¿¿¨
-108706804,1,1,1,1233,660,0,12Â¥×Ü·¿¿¨
-108706804,1,1,1,1234,660,0,12Â¥×Ü·¿¿¨
-108706804,1,1,1,1235,660,0,12Â¥×Ü·¿¿¨
-108706804,1,1,1,1236,660,0,12Â¥×Ü·¿¿¨
-108706804,1,1,1,1237,660,0,12Â¥×Ü·¿¿¨
-108706804,1,1,1,1238,660,0,12Â¥×Ü·¿¿¨
-108706804,1,1,1,1239,660,0,12Â¥×Ü·¿¿¨
-108706804,1,1,1,1240,660,0,12Â¥×Ü·¿¿¨
-108706804,1,1,1,1241,660,0,12Â¥×Ü·¿¿¨
-108706804,1,1,1,1288,660,0,12Â¥×Ü·¿¿¨
432105674,1,1,1,1301,661,0,13Â¥×Ü·¿¿¨
432105674,1,1,1,1302,661,0,13Â¥×Ü·¿¿¨
432105674,1,1,1,1303,661,0,13Â¥×Ü·¿¿¨
432105674,1,1,1,1304,661,0,13Â¥×Ü·¿¿¨
432105674,1,1,1,1305,661,0,13Â¥×Ü·¿¿¨
432105674,1,1,1,1306,661,0,13Â¥×Ü·¿¿¨
432105674,1,1,1,1307,661,0,13Â¥×Ü·¿¿¨
432105674,1,1,1,1308,661,0,13Â¥×Ü·¿¿¨
432105674,1,1,1,1309,661,0,13Â¥×Ü·¿¿¨
432105674,1,1,1,1310,661,0,13Â¥×Ü·¿¿¨
432105674,1,1,1,1311,661,0,13Â¥×Ü·¿¿¨
432105674,1,1,1,1312,661,0,13Â¥×Ü·¿¿¨
432105674,1,1,1,1313,661,0,13Â¥×Ü·¿¿¨
432105674,1,1,1,1314,661,0,13Â¥×Ü·¿¿¨
432105674,1,1,1,1315,661,0,13Â¥×Ü·¿¿¨
432105674,1,1,1,1316,661,0,13Â¥×Ü·¿¿¨
432105674,1,1,1,1317,661,0,13Â¥×Ü·¿¿¨
432105674,1,1,1,1318,661,0,13Â¥×Ü·¿¿¨
432105674,1,1,1,1319,661,0,13Â¥×Ü·¿¿¨
432105674,1,1,1,1320,661,0,13Â¥×Ü·¿¿¨
432105674,1,1,1,1321,661,0,13Â¥×Ü·¿¿¨
432105674,1,1,1,1322,661,0,13Â¥×Ü·¿¿¨
432105674,1,1,1,1323,661,0,13Â¥×Ü·¿¿¨
432105674,1,1,1,1325,661,0,13Â¥×Ü·¿¿¨
432105674,1,1,1,1326,661,0,13Â¥×Ü·¿¿¨
432105674,1,1,1,1327,661,0,13Â¥×Ü·¿¿¨
432105674,1,1,1,1328,661,0,13Â¥×Ü·¿¿¨
432105674,1,1,1,1329,661,0,13Â¥×Ü·¿¿¨
432105674,1,1,1,1330,661,0,13Â¥×Ü·¿¿¨
432105674,1,1,1,1331,661,0,13Â¥×Ü·¿¿¨
432105674,1,1,1,1332,661,0,13Â¥×Ü·¿¿¨
432105674,1,1,1,1333,661,0,13Â¥×Ü·¿¿¨
432105674,1,1,1,1339,661,0,13Â¥×Ü·¿¿¨
432105674,1,1,1,1340,661,0,13Â¥×Ü·¿¿¨
432105674,1,1,1,1341,661,0,13Â¥×Ü·¿¿¨
432105674,1,1,1,1388,661,0,13Â¥×Ü·¿¿¨
1,0,0,0,0,1025,0,13Â¥×Ü·¿¿¨
-153568224,1,1,1,1401,662,0,14Â¥×Ü·¿¿¨
-153568224,1,1,1,1402,662,0,14Â¥×Ü·¿¿¨
-153568224,1,1,1,1403,662,0,14Â¥×Ü·¿¿¨
-153568224,1,1,1,1405,662,0,14Â¥×Ü·¿¿¨
-153568224,1,1,1,1406,662,0,14Â¥×Ü·¿¿¨
-153568224,1,1,1,1407,662,0,14Â¥×Ü·¿¿¨
-153568224,1,1,1,1408,662,0,14Â¥×Ü·¿¿¨
-153568224,1,1,1,1410,662,0,14Â¥×Ü·¿¿¨
-153568224,1,1,1,1411,662,0,14Â¥×Ü·¿¿¨
-153568224,1,1,1,1412,662,0,14Â¥×Ü·¿¿¨
-153568224,1,1,1,1413,662,0,14Â¥×Ü·¿¿¨
-153568224,1,1,1,1415,662,0,14Â¥×Ü·¿¿¨
-153568224,1,1,1,1416,662,0,14Â¥×Ü·¿¿¨
-153568224,1,1,1,1417,662,0,14Â¥×Ü·¿¿¨
-153568224,1,1,1,1419,662,0,14Â¥×Ü·¿¿¨
-153568224,1,1,1,1421,662,0,14Â¥×Ü·¿¿¨
-153568224,1,1,1,1423,662,0,14Â¥×Ü·¿¿¨
-153568224,1,1,1,1425,662,0,14Â¥×Ü·¿¿¨
-153568224,1,1,1,1426,662,0,14Â¥×Ü·¿¿¨
-153568224,1,1,1,1427,662,0,14Â¥×Ü·¿¿¨
-153568224,1,1,1,1428,662,0,14Â¥×Ü·¿¿¨
-153568224,1,1,1,1430,662,0,14Â¥×Ü·¿¿¨
-153568224,1,1,1,1432,662,0,14Â¥×Ü·¿¿¨
-153568224,1,1,1,1439,662,0,14Â¥×Ü·¿¿¨
-153568224,1,1,1,1440,662,0,14Â¥×Ü·¿¿¨
-153568224,1,1,1,1488,662,0,14Â¥×Ü·¿¿¨
1017320293,1,1,1,1501,663,0,15Â¥×Ü·¿¿¨
1017320293,1,1,1,1502,663,0,15Â¥×Ü·¿¿¨
1017320293,1,1,1,1503,663,0,15Â¥×Ü·¿¿¨
1017320293,1,1,1,1505,663,0,15Â¥×Ü·¿¿¨
1017320293,1,1,1,1506,663,0,15Â¥×Ü·¿¿¨
1017320293,1,1,1,1507,663,0,15Â¥×Ü·¿¿¨
1017320293,1,1,1,1508,663,0,15Â¥×Ü·¿¿¨
1017320293,1,1,1,1509,663,0,15Â¥×Ü·¿¿¨
1017320293,1,1,1,1511,663,0,15Â¥×Ü·¿¿¨
1017320293,1,1,1,1512,663,0,15Â¥×Ü·¿¿¨
1017320293,1,1,1,1513,663,0,15Â¥×Ü·¿¿¨
1017320293,1,1,1,1514,663,0,15Â¥×Ü·¿¿¨
1017320293,1,1,1,1515,663,0,15Â¥×Ü·¿¿¨
1017320293,1,1,1,1516,663,0,15Â¥×Ü·¿¿¨
1017320293,1,1,1,1517,663,0,15Â¥×Ü·¿¿¨
1017320293,1,1,1,1518,663,0,15Â¥×Ü·¿¿¨
1017320293,1,1,1,1519,663,0,15Â¥×Ü·¿¿¨
1017320293,1,1,1,1520,663,0,15Â¥×Ü·¿¿¨
1017320293,1,1,1,1521,663,0,15Â¥×Ü·¿¿¨
1017320293,1,1,1,1522,663,0,15Â¥×Ü·¿¿¨
1017320293,1,1,1,1523,663,0,15Â¥×Ü·¿¿¨
1017320293,1,1,1,1525,663,0,15Â¥×Ü·¿¿¨
1017320293,1,1,1,1526,663,0,15Â¥×Ü·¿¿¨
1017320293,1,1,1,1527,663,0,15Â¥×Ü·¿¿¨
1017320293,1,1,1,1528,663,0,15Â¥×Ü·¿¿¨
1017320293,1,1,1,1530,663,0,15Â¥×Ü·¿¿¨
1017320293,1,1,1,1532,663,0,15Â¥×Ü·¿¿¨
1017320293,1,1,1,1539,663,0,15Â¥×Ü·¿¿¨
1017320293,1,1,1,1540,663,0,15Â¥×Ü·¿¿¨
1017320293,1,1,1,1541,663,0,15Â¥×Ü·¿¿¨
1017320293,1,1,1,1588,663,0,15Â¥×Ü·¿¿¨
812649686,1,1,1,1601,664,0,16Â¥×Ü·¿¿¨
812649686,1,1,1,1602,664,0,16Â¥×Ü·¿¿¨
812649686,1,1,1,1603,664,0,16Â¥×Ü·¿¿¨
812649686,1,1,1,1605,664,0,16Â¥×Ü·¿¿¨
812649686,1,1,1,1606,664,0,16Â¥×Ü·¿¿¨
812649686,1,1,1,1607,664,0,16Â¥×Ü·¿¿¨
812649686,1,1,1,1608,664,0,16Â¥×Ü·¿¿¨
812649686,1,1,1,1609,664,0,16Â¥×Ü·¿¿¨
812649686,1,1,1,1611,664,0,16Â¥×Ü·¿¿¨
812649686,1,1,1,1612,664,0,16Â¥×Ü·¿¿¨
812649686,1,1,1,1613,664,0,16Â¥×Ü·¿¿¨
812649686,1,1,1,1614,664,0,16Â¥×Ü·¿¿¨
812649686,1,1,1,1615,664,0,16Â¥×Ü·¿¿¨
812649686,1,1,1,1616,664,0,16Â¥×Ü·¿¿¨
812649686,1,1,1,1617,664,0,16Â¥×Ü·¿¿¨
812649686,1,1,1,1618,664,0,16Â¥×Ü·¿¿¨
812649686,1,1,1,1619,664,0,16Â¥×Ü·¿¿¨
812649686,1,1,1,1620,664,0,16Â¥×Ü·¿¿¨
812649686,1,1,1,1621,664,0,16Â¥×Ü·¿¿¨
812649686,1,1,1,1622,664,0,16Â¥×Ü·¿¿¨
812649686,1,1,1,1623,664,0,16Â¥×Ü·¿¿¨
812649686,1,1,1,1626,664,0,16Â¥×Ü·¿¿¨
812649686,1,1,1,1628,664,0,16Â¥×Ü·¿¿¨
812649686,1,1,1,1629,664,0,16Â¥×Ü·¿¿¨
812649686,1,1,1,1639,664,0,16Â¥×Ü·¿¿¨
812649686,1,1,1,1640,664,0,16Â¥×Ü·¿¿¨
812649686,1,1,1,1641,664,0,16Â¥×Ü·¿¿¨
812649686,1,1,1,1688,664,0,16Â¥×Ü·¿¿¨
923740971,1,1,1,1701,665,0,17Â¥×Ü·¿¿¨
923740971,1,1,1,1702,665,0,17Â¥×Ü·¿¿¨
923740971,1,1,1,1703,665,0,17Â¥×Ü·¿¿¨
923740971,1,1,1,1704,665,0,17Â¥×Ü·¿¿¨
923740971,1,1,1,1705,665,0,17Â¥×Ü·¿¿¨
923740971,1,1,1,1706,665,0,17Â¥×Ü·¿¿¨
923740971,1,1,1,1707,665,0,17Â¥×Ü·¿¿¨
923740971,1,1,1,1708,665,0,17Â¥×Ü·¿¿¨
923740971,1,1,1,1709,665,0,17Â¥×Ü·¿¿¨
923740971,1,1,1,1710,665,0,17Â¥×Ü·¿¿¨
923740971,1,1,1,1711,665,0,17Â¥×Ü·¿¿¨
923740971,1,1,1,1712,665,0,17Â¥×Ü·¿¿¨
923740971,1,1,1,1713,665,0,17Â¥×Ü·¿¿¨
923740971,1,1,1,1714,665,0,17Â¥×Ü·¿¿¨
923740971,1,1,1,1715,665,0,17Â¥×Ü·¿¿¨
923740971,1,1,1,1716,665,0,17Â¥×Ü·¿¿¨
923740971,1,1,1,1717,665,0,17Â¥×Ü·¿¿¨
923740971,1,1,1,1718,665,0,17Â¥×Ü·¿¿¨
923740971,1,1,1,1719,665,0,17Â¥×Ü·¿¿¨
923740971,1,1,1,1720,665,0,17Â¥×Ü·¿¿¨
923740971,1,1,1,1721,665,0,17Â¥×Ü·¿¿¨
923740971,1,1,1,1722,665,0,17Â¥×Ü·¿¿¨
923740971,1,1,1,1723,665,0,17Â¥×Ü·¿¿¨
923740971,1,1,1,1725,665,0,17Â¥×Ü·¿¿¨
923740971,1,1,1,1726,665,0,17Â¥×Ü·¿¿¨
923740971,1,1,1,1727,665,0,17Â¥×Ü·¿¿¨
923740971,1,1,1,1728,665,0,17Â¥×Ü·¿¿¨
923740971,1,1,1,1729,665,0,17Â¥×Ü·¿¿¨
923740971,1,1,1,1739,665,0,17Â¥×Ü·¿¿¨
923740971,1,1,1,1740,665,0,17Â¥×Ü·¿¿¨
923740971,1,1,1,1741,665,0,17Â¥×Ü·¿¿¨
923740971,1,1,1,1788,665,0,17Â¥×Ü·¿¿¨
126562560,1,1,1,1801,666,0,18Â¥×Ü·¿¿¨
126562560,1,1,1,1802,666,0,18Â¥×Ü·¿¿¨
126562560,1,1,1,1803,666,0,18Â¥×Ü·¿¿¨
126562560,1,1,1,1804,666,0,18Â¥×Ü·¿¿¨
126562560,1,1,1,1805,666,0,18Â¥×Ü·¿¿¨
126562560,1,1,1,1806,666,0,18Â¥×Ü·¿¿¨
126562560,1,1,1,1818,666,0,18Â¥×Ü·¿¿¨
126562560,1,1,1,1828,666,0,18Â¥×Ü·¿¿¨
126562560,1,1,1,1840,666,0,18Â¥×Ü·¿¿¨
126562560,1,1,1,1841,666,0,18Â¥×Ü·¿¿¨
126562560,1,1,1,1888,666,0,18Â¥×Ü·¿¿¨
894953931,1,1,1,301,746,0,3Â¥×Ü·¿¿¨
894953931,1,1,1,302,746,0,3Â¥×Ü·¿¿¨
894953931,1,1,1,303,746,0,3Â¥×Ü·¿¿¨
894953931,1,1,1,304,746,0,3Â¥×Ü·¿¿¨
894953931,1,1,1,305,746,0,3Â¥×Ü·¿¿¨
894953931,1,1,1,306,746,0,3Â¥×Ü·¿¿¨
894953931,1,1,1,307,746,0,3Â¥×Ü·¿¿¨
894953931,1,1,1,308,746,0,3Â¥×Ü·¿¿¨
894953931,1,1,1,309,746,0,3Â¥×Ü·¿¿¨
894953931,1,1,1,310,746,0,3Â¥×Ü·¿¿¨
894953931,1,1,1,311,746,0,3Â¥×Ü·¿¿¨
894953931,1,1,1,312,746,0,3Â¥×Ü·¿¿¨
894953931,1,1,1,313,746,0,3Â¥×Ü·¿¿¨
894953931,1,1,1,314,746,0,3Â¥×Ü·¿¿¨
-742211610,1,1,1,728,727,0,7-8Â¥Çå½à¿¨
-742211610,1,1,1,729,727,0,7-8Â¥Çå½à¿¨
-742211610,1,1,1,730,727,0,7-8Â¥Çå½à¿¨
-742211610,1,1,1,731,727,0,7-8Â¥Çå½à¿¨
-742211610,1,1,1,732,727,0,7-8Â¥Çå½à¿¨
-742211610,1,1,1,733,727,0,7-8Â¥Çå½à¿¨
-742211610,1,1,1,734,727,0,7-8Â¥Çå½à¿¨
-742211610,1,1,1,735,727,0,7-8Â¥Çå½à¿¨
-742211610,1,1,1,736,727,0,7-8Â¥Çå½à¿¨
-742211610,1,1,1,738,727,0,7-8Â¥Çå½à¿¨
-742211610,1,1,1,739,727,0,7-8Â¥Çå½à¿¨
-742211610,1,1,1,740,727,0,7-8Â¥Çå½à¿¨
-742211610,1,1,1,741,727,0,7-8Â¥Çå½à¿¨
-742211610,1,1,1,788,727,0,7-8Â¥Çå½à¿¨
-742211610,1,1,1,801,727,0,7-8Â¥Çå½à¿¨
-742211610,1,1,1,802,727,0,7-8Â¥Çå½à¿¨
-742211610,1,1,1,803,727,0,7-8Â¥Çå½à¿¨
-742211610,1,1,1,804,727,0,7-8Â¥Çå½à¿¨
-742211610,1,1,1,805,727,0,7-8Â¥Çå½à¿¨
-742211610,1,1,1,806,727,0,7-8Â¥Çå½à¿¨
-742211610,1,1,1,807,727,0,7-8Â¥Çå½à¿¨
-742211610,1,1,1,808,727,0,7-8Â¥Çå½à¿¨
-742211610,1,1,1,809,727,0,7-8Â¥Çå½à¿¨
-742211610,1,1,1,810,727,0,7-8Â¥Çå½à¿¨
-742211610,1,1,1,811,727,0,7-8Â¥Çå½à¿¨
-742211610,1,1,1,812,727,0,7-8Â¥Çå½à¿¨
-742211610,1,1,1,813,727,0,7-8Â¥Çå½à¿¨
-742211610,1,1,1,814,727,0,7-8Â¥Çå½à¿¨
-742211610,1,1,1,815,727,0,7-8Â¥Çå½à¿¨
-742211610,1,1,1,816,727,0,7-8Â¥Çå½à¿¨
-742211610,1,1,1,817,727,0,7-8Â¥Çå½à¿¨
-742211610,1,1,1,818,727,0,7-8Â¥Çå½à¿¨
-742211610,1,1,1,819,727,0,7-8Â¥Çå½à¿¨
-742211610,1,1,1,820,727,0,7-8Â¥Çå½à¿¨
894953931,1,1,1,315,746,0,3Â¥×Ü·¿¿¨
-561948169,1,1,1,1401,669,0,14-15Â¥Çå½à¿¨
-561948169,1,1,1,1402,669,0,14-15Â¥Çå½à¿¨
-561948169,1,1,1,1403,669,0,14-15Â¥Çå½à¿¨
-561948169,1,1,1,1405,669,0,14-15Â¥Çå½à¿¨
-561948169,1,1,1,1406,669,0,14-15Â¥Çå½à¿¨
-561948169,1,1,1,1407,669,0,14-15Â¥Çå½à¿¨
-561948169,1,1,1,1408,669,0,14-15Â¥Çå½à¿¨
-561948169,1,1,1,1410,669,0,14-15Â¥Çå½à¿¨
-561948169,1,1,1,1411,669,0,14-15Â¥Çå½à¿¨
-561948169,1,1,1,1412,669,0,14-15Â¥Çå½à¿¨
-561948169,1,1,1,1413,669,0,14-15Â¥Çå½à¿¨
-561948169,1,1,1,1415,669,0,14-15Â¥Çå½à¿¨
-561948169,1,1,1,1416,669,0,14-15Â¥Çå½à¿¨
-561948169,1,1,1,1417,669,0,14-15Â¥Çå½à¿¨
-561948169,1,1,1,1419,669,0,14-15Â¥Çå½à¿¨
-561948169,1,1,1,1421,669,0,14-15Â¥Çå½à¿¨
-561948169,1,1,1,1423,669,0,14-15Â¥Çå½à¿¨
-561948169,1,1,1,1425,669,0,14-15Â¥Çå½à¿¨
-561948169,1,1,1,1426,669,0,14-15Â¥Çå½à¿¨
-561948169,1,1,1,1427,669,0,14-15Â¥Çå½à¿¨
-561948169,1,1,1,1428,669,0,14-15Â¥Çå½à¿¨
-561948169,1,1,1,1430,669,0,14-15Â¥Çå½à¿¨
-561948169,1,1,1,1432,669,0,14-15Â¥Çå½à¿¨
-561948169,1,1,1,1439,669,0,14-15Â¥Çå½à¿¨
-561948169,1,1,1,1440,669,0,14-15Â¥Çå½à¿¨
-561948169,1,1,1,1488,669,0,14-15Â¥Çå½à¿¨
-561948169,1,1,1,1501,669,0,14-15Â¥Çå½à¿¨
-561948169,1,1,1,1502,669,0,14-15Â¥Çå½à¿¨
-561948169,1,1,1,1503,669,0,14-15Â¥Çå½à¿¨
-561948169,1,1,1,1505,669,0,14-15Â¥Çå½à¿¨
-561948169,1,1,1,1506,669,0,14-15Â¥Çå½à¿¨
-561948169,1,1,1,1507,669,0,14-15Â¥Çå½à¿¨
-561948169,1,1,1,1508,669,0,14-15Â¥Çå½à¿¨
-561948169,1,1,1,1509,669,0,14-15Â¥Çå½à¿¨
-561948169,1,1,1,1511,669,0,14-15Â¥Çå½à¿¨
-561948169,1,1,1,1512,669,0,14-15Â¥Çå½à¿¨
-561948169,1,1,1,1513,669,0,14-15Â¥Çå½à¿¨
-561948169,1,1,1,1514,669,0,14-15Â¥Çå½à¿¨
-561948169,1,1,1,1515,669,0,14-15Â¥Çå½à¿¨
-561948169,1,1,1,1516,669,0,14-15Â¥Çå½à¿¨
-561948169,1,1,1,1517,669,0,14-15Â¥Çå½à¿¨
-561948169,1,1,1,1518,669,0,14-15Â¥Çå½à¿¨
-561948169,1,1,1,1519,669,0,14-15Â¥Çå½à¿¨
-561948169,1,1,1,1520,669,0,14-15Â¥Çå½à¿¨
-561948169,1,1,1,1521,669,0,14-15Â¥Çå½à¿¨
-561948169,1,1,1,1522,669,0,14-15Â¥Çå½à¿¨
-561948169,1,1,1,1523,669,0,14-15Â¥Çå½à¿¨
-561948169,1,1,1,1525,669,0,14-15Â¥Çå½à¿¨
-561948169,1,1,1,1526,669,0,14-15Â¥Çå½à¿¨
-561948169,1,1,1,1527,669,0,14-15Â¥Çå½à¿¨
-561948169,1,1,1,1528,669,0,14-15Â¥Çå½à¿¨
-561948169,1,1,1,1530,669,0,14-15Â¥Çå½à¿¨
-561948169,1,1,1,1532,669,0,14-15Â¥Çå½à¿¨
-561948169,1,1,1,1539,669,0,14-15Â¥Çå½à¿¨
-561948169,1,1,1,1540,669,0,14-15Â¥Çå½à¿¨
-561948169,1,1,1,1541,669,0,14-15Â¥Çå½à¿¨
-561948169,1,1,1,1588,669,0,14-15Â¥Çå½à¿¨
-455228694,1,1,1,1541,591,0,12-15Â¥²é·¿¿¨
432119604,1,1,1,1101,670,0,11-13Â¥×ÛºÏÇå½à¿¨
432119604,1,1,1,1102,670,0,11-13Â¥×ÛºÏÇå½à¿¨
432119604,1,1,1,1103,670,0,11-13Â¥×ÛºÏÇå½à¿¨
432119604,1,1,1,1104,670,0,11-13Â¥×ÛºÏÇå½à¿¨
432119604,1,1,1,1105,670,0,11-13Â¥×ÛºÏÇå½à¿¨
432119604,1,1,1,1106,670,0,11-13Â¥×ÛºÏÇå½à¿¨
432119604,1,1,1,1107,670,0,11-13Â¥×ÛºÏÇå½à¿¨
432119604,1,1,1,1108,670,0,11-13Â¥×ÛºÏÇå½à¿¨
432119604,1,1,1,1109,670,0,11-13Â¥×ÛºÏÇå½à¿¨
432119604,1,1,1,1110,670,0,11-13Â¥×ÛºÏÇå½à¿¨
432119604,1,1,1,1111,670,0,11-13Â¥×ÛºÏÇå½à¿¨
432119604,1,1,1,1112,670,0,11-13Â¥×ÛºÏÇå½à¿¨
432119604,1,1,1,1113,670,0,11-13Â¥×ÛºÏÇå½à¿¨
432119604,1,1,1,1114,670,0,11-13Â¥×ÛºÏÇå½à¿¨
432119604,1,1,1,1115,670,0,11-13Â¥×ÛºÏÇå½à¿¨
432119604,1,1,1,1116,670,0,11-13Â¥×ÛºÏÇå½à¿¨
432119604,1,1,1,1117,670,0,11-13Â¥×ÛºÏÇå½à¿¨
432119604,1,1,1,1118,670,0,11-13Â¥×ÛºÏÇå½à¿¨
432119604,1,1,1,1119,670,0,11-13Â¥×ÛºÏÇå½à¿¨
432119604,1,1,1,1120,670,0,11-13Â¥×ÛºÏÇå½à¿¨
432119604,1,1,1,1121,670,0,11-13Â¥×ÛºÏÇå½à¿¨
432119604,1,1,1,1122,670,0,11-13Â¥×ÛºÏÇå½à¿¨
432119604,1,1,1,1123,670,0,11-13Â¥×ÛºÏÇå½à¿¨
432119604,1,1,1,1125,670,0,11-13Â¥×ÛºÏÇå½à¿¨
432119604,1,1,1,1126,670,0,11-13Â¥×ÛºÏÇå½à¿¨
432119604,1,1,1,1127,670,0,11-13Â¥×ÛºÏÇå½à¿¨
432119604,1,1,1,1128,670,0,11-13Â¥×ÛºÏÇå½à¿¨
-713508927,1,1,1,1129,659,0,11Â¥×Ü·¿¿¨
432119604,1,1,1,1130,670,0,11-13Â¥×ÛºÏÇå½à¿¨
432119604,1,1,1,1131,670,0,11-13Â¥×ÛºÏÇå½à¿¨
432119604,1,1,1,1132,670,0,11-13Â¥×ÛºÏÇå½à¿¨
432119604,1,1,1,1133,670,0,11-13Â¥×ÛºÏÇå½à¿¨
432119604,1,1,1,1134,670,0,11-13Â¥×ÛºÏÇå½à¿¨
432119604,1,1,1,1135,670,0,11-13Â¥×ÛºÏÇå½à¿¨
432119604,1,1,1,1136,670,0,11-13Â¥×ÛºÏÇå½à¿¨
432119604,1,1,1,1137,670,0,11-13Â¥×ÛºÏÇå½à¿¨
432119604,1,1,1,1138,670,0,11-13Â¥×ÛºÏÇå½à¿¨
432119604,1,1,1,1139,670,0,11-13Â¥×ÛºÏÇå½à¿¨
432119604,1,1,1,1140,670,0,11-13Â¥×ÛºÏÇå½à¿¨
432119604,1,1,1,1141,670,0,11-13Â¥×ÛºÏÇå½à¿¨
432119604,1,1,1,1188,670,0,11-13Â¥×ÛºÏÇå½à¿¨
432119604,1,1,1,1201,670,0,11-13Â¥×ÛºÏÇå½à¿¨
432119604,1,1,1,1202,670,0,11-13Â¥×ÛºÏÇå½à¿¨
432119604,1,1,1,1203,670,0,11-13Â¥×ÛºÏÇå½à¿¨
432119604,1,1,1,1204,670,0,11-13Â¥×ÛºÏÇå½à¿¨
432119604,1,1,1,1205,670,0,11-13Â¥×ÛºÏÇå½à¿¨
432119604,1,1,1,1206,670,0,11-13Â¥×ÛºÏÇå½à¿¨
432119604,1,1,1,1207,670,0,11-13Â¥×ÛºÏÇå½à¿¨
432119604,1,1,1,1208,670,0,11-13Â¥×ÛºÏÇå½à¿¨
432119604,1,1,1,1209,670,0,11-13Â¥×ÛºÏÇå½à¿¨
432119604,1,1,1,1210,670,0,11-13Â¥×ÛºÏÇå½à¿¨
432119604,1,1,1,1211,670,0,11-13Â¥×ÛºÏÇå½à¿¨
432119604,1,1,1,1212,670,0,11-13Â¥×ÛºÏÇå½à¿¨
432119604,1,1,1,1213,670,0,11-13Â¥×ÛºÏÇå½à¿¨
432119604,1,1,1,1214,670,0,11-13Â¥×ÛºÏÇå½à¿¨
432119604,1,1,1,1215,670,0,11-13Â¥×ÛºÏÇå½à¿¨
432119604,1,1,1,1216,670,0,11-13Â¥×ÛºÏÇå½à¿¨
432119604,1,1,1,1217,670,0,11-13Â¥×ÛºÏÇå½à¿¨
432119604,1,1,1,1218,670,0,11-13Â¥×ÛºÏÇå½à¿¨
432119604,1,1,1,1219,670,0,11-13Â¥×ÛºÏÇå½à¿¨
432119604,1,1,1,1220,670,0,11-13Â¥×ÛºÏÇå½à¿¨
432119604,1,1,1,1221,670,0,11-13Â¥×ÛºÏÇå½à¿¨
432119604,1,1,1,1222,670,0,11-13Â¥×ÛºÏÇå½à¿¨
432119604,1,1,1,1223,670,0,11-13Â¥×ÛºÏÇå½à¿¨
432119604,1,1,1,1225,670,0,11-13Â¥×ÛºÏÇå½à¿¨
432119604,1,1,1,1226,670,0,11-13Â¥×ÛºÏÇå½à¿¨
432119604,1,1,1,1227,670,0,11-13Â¥×ÛºÏÇå½à¿¨
432119604,1,1,1,1228,670,0,11-13Â¥×ÛºÏÇå½à¿¨
432119604,1,1,1,1229,670,0,11-13Â¥×ÛºÏÇå½à¿¨
432119604,1,1,1,1230,670,0,11-13Â¥×ÛºÏÇå½à¿¨
432119604,1,1,1,1231,670,0,11-13Â¥×ÛºÏÇå½à¿¨
432119604,1,1,1,1232,670,0,11-13Â¥×ÛºÏÇå½à¿¨
432119604,1,1,1,1233,670,0,11-13Â¥×ÛºÏÇå½à¿¨
432119604,1,1,1,1234,670,0,11-13Â¥×ÛºÏÇå½à¿¨
432119604,1,1,1,1235,670,0,11-13Â¥×ÛºÏÇå½à¿¨
432119604,1,1,1,1236,670,0,11-13Â¥×ÛºÏÇå½à¿¨
432119604,1,1,1,1237,670,0,11-13Â¥×ÛºÏÇå½à¿¨
432119604,1,1,1,1238,670,0,11-13Â¥×ÛºÏÇå½à¿¨
432119604,1,1,1,1239,670,0,11-13Â¥×ÛºÏÇå½à¿¨
432119604,1,1,1,1240,670,0,11-13Â¥×ÛºÏÇå½à¿¨
432119604,1,1,1,1241,670,0,11-13Â¥×ÛºÏÇå½à¿¨
432119604,1,1,1,1288,670,0,11-13Â¥×ÛºÏÇå½à¿¨
432119604,1,1,1,1301,670,0,11-13Â¥×ÛºÏÇå½à¿¨
432119604,1,1,1,1302,670,0,11-13Â¥×ÛºÏÇå½à¿¨
432119604,1,1,1,1303,670,0,11-13Â¥×ÛºÏÇå½à¿¨
432119604,1,1,1,1304,670,0,11-13Â¥×ÛºÏÇå½à¿¨
432119604,1,1,1,1305,670,0,11-13Â¥×ÛºÏÇå½à¿¨
432119604,1,1,1,1306,670,0,11-13Â¥×ÛºÏÇå½à¿¨
432119604,1,1,1,1307,670,0,11-13Â¥×ÛºÏÇå½à¿¨
432119604,1,1,1,1308,670,0,11-13Â¥×ÛºÏÇå½à¿¨
432119604,1,1,1,1309,670,0,11-13Â¥×ÛºÏÇå½à¿¨
432119604,1,1,1,1310,670,0,11-13Â¥×ÛºÏÇå½à¿¨
432119604,1,1,1,1311,670,0,11-13Â¥×ÛºÏÇå½à¿¨
432119604,1,1,1,1312,670,0,11-13Â¥×ÛºÏÇå½à¿¨
432119604,1,1,1,1313,670,0,11-13Â¥×ÛºÏÇå½à¿¨
432119604,1,1,1,1314,670,0,11-13Â¥×ÛºÏÇå½à¿¨
432119604,1,1,1,1315,670,0,11-13Â¥×ÛºÏÇå½à¿¨
432119604,1,1,1,1316,670,0,11-13Â¥×ÛºÏÇå½à¿¨
432119604,1,1,1,1317,670,0,11-13Â¥×ÛºÏÇå½à¿¨
432119604,1,1,1,1318,670,0,11-13Â¥×ÛºÏÇå½à¿¨
432119604,1,1,1,1319,670,0,11-13Â¥×ÛºÏÇå½à¿¨
432119604,1,1,1,1320,670,0,11-13Â¥×ÛºÏÇå½à¿¨
432119604,1,1,1,1321,670,0,11-13Â¥×ÛºÏÇå½à¿¨
432119604,1,1,1,1322,670,0,11-13Â¥×ÛºÏÇå½à¿¨
432119604,1,1,1,1323,670,0,11-13Â¥×ÛºÏÇå½à¿¨
432119604,1,1,1,1325,670,0,11-13Â¥×ÛºÏÇå½à¿¨
432119604,1,1,1,1326,670,0,11-13Â¥×ÛºÏÇå½à¿¨
432119604,1,1,1,1327,670,0,11-13Â¥×ÛºÏÇå½à¿¨
432119604,1,1,1,1328,670,0,11-13Â¥×ÛºÏÇå½à¿¨
432119604,1,1,1,1329,670,0,11-13Â¥×ÛºÏÇå½à¿¨
432119604,1,1,1,1330,670,0,11-13Â¥×ÛºÏÇå½à¿¨
432119604,1,1,1,1331,670,0,11-13Â¥×ÛºÏÇå½à¿¨
432119604,1,1,1,1332,670,0,11-13Â¥×ÛºÏÇå½à¿¨
432119604,1,1,1,1333,670,0,11-13Â¥×ÛºÏÇå½à¿¨
432119604,1,1,1,1339,670,0,11-13Â¥×ÛºÏÇå½à¿¨
432119604,1,1,1,1340,670,0,11-13Â¥×ÛºÏÇå½à¿¨
432119604,1,1,1,1341,670,0,11-13Â¥×ÛºÏÇå½à¿¨
432119604,1,1,1,1388,670,0,11-13Â¥×ÛºÏÇå½à¿¨
-163439122,1,1,1,501,740,0,5Â¥ÌØÊâ×Ü·¿¿¨
-163439122,1,1,1,503,740,0,5Â¥ÌØÊâ×Ü·¿¿¨
-163439122,1,1,1,504,740,0,5Â¥ÌØÊâ×Ü·¿¿¨
-163439122,1,1,1,505,740,0,5Â¥ÌØÊâ×Ü·¿¿¨
-163439122,1,1,1,506,740,0,5Â¥ÌØÊâ×Ü·¿¿¨
-163439122,1,1,1,507,740,0,5Â¥ÌØÊâ×Ü·¿¿¨
-163439122,1,1,1,508,740,0,5Â¥ÌØÊâ×Ü·¿¿¨
-163439122,1,1,1,509,740,0,5Â¥ÌØÊâ×Ü·¿¿¨
-163439122,1,1,1,510,740,0,5Â¥ÌØÊâ×Ü·¿¿¨
-163439122,1,1,1,511,740,0,5Â¥ÌØÊâ×Ü·¿¿¨
-163439122,1,1,1,512,740,0,5Â¥ÌØÊâ×Ü·¿¿¨
-163439122,1,1,1,513,740,0,5Â¥ÌØÊâ×Ü·¿¿¨
-163439122,1,1,1,514,740,0,5Â¥ÌØÊâ×Ü·¿¿¨
-163439122,1,1,1,515,740,0,5Â¥ÌØÊâ×Ü·¿¿¨
-163439122,1,1,1,516,740,0,5Â¥ÌØÊâ×Ü·¿¿¨
-163439122,1,1,1,517,740,0,5Â¥ÌØÊâ×Ü·¿¿¨
-163439122,1,1,1,518,740,0,5Â¥ÌØÊâ×Ü·¿¿¨
-163439122,1,1,1,519,740,0,5Â¥ÌØÊâ×Ü·¿¿¨
-163439122,1,1,1,520,740,0,5Â¥ÌØÊâ×Ü·¿¿¨
-163439122,1,1,1,521,740,0,5Â¥ÌØÊâ×Ü·¿¿¨
-163439122,1,1,1,522,740,0,5Â¥ÌØÊâ×Ü·¿¿¨
-163439122,1,1,1,523,740,0,5Â¥ÌØÊâ×Ü·¿¿¨
-163439122,1,1,1,525,740,0,5Â¥ÌØÊâ×Ü·¿¿¨
-163439122,1,1,1,526,740,0,5Â¥ÌØÊâ×Ü·¿¿¨
-163439122,1,1,1,527,740,0,5Â¥ÌØÊâ×Ü·¿¿¨
-163439122,1,1,1,528,740,0,5Â¥ÌØÊâ×Ü·¿¿¨
-163439122,1,1,1,529,740,0,5Â¥ÌØÊâ×Ü·¿¿¨
-163439122,1,1,1,530,740,0,5Â¥ÌØÊâ×Ü·¿¿¨
-163439122,1,1,1,531,740,0,5Â¥ÌØÊâ×Ü·¿¿¨
-163439122,1,1,1,532,740,0,5Â¥ÌØÊâ×Ü·¿¿¨
-163439122,1,1,1,533,740,0,5Â¥ÌØÊâ×Ü·¿¿¨
-163439122,1,1,1,534,740,0,5Â¥ÌØÊâ×Ü·¿¿¨
-163439122,1,1,1,535,740,0,5Â¥ÌØÊâ×Ü·¿¿¨
-163439122,1,1,1,536,740,0,5Â¥ÌØÊâ×Ü·¿¿¨
-163439122,1,1,1,537,740,0,5Â¥ÌØÊâ×Ü·¿¿¨
-163439122,1,1,1,538,740,0,5Â¥ÌØÊâ×Ü·¿¿¨
-163439122,1,1,1,540,740,0,5Â¥ÌØÊâ×Ü·¿¿¨
-163439122,1,1,1,588,740,0,5Â¥ÌØÊâ×Ü·¿¿¨
894953931,1,1,1,316,746,0,3Â¥×Ü·¿¿¨
-1254530210,1,1,1,1625,734,0,15-19Â¥×Ü¿¨
621009354,1,1,1,1139,721,0,11-12Â¥ÐÂ¹¤×÷¼ä
621009354,1,1,1,1239,721,0,11-12Â¥ÐÂ¹¤×÷¼ä
-77786874,1,1,1,539,723,0,5-6Â¥ÐÂ¹¤×÷¼ä
-77786874,1,1,1,639,723,0,5-6Â¥ÐÂ¹¤×÷¼ä
-373414277,1,1,1,539,724,0,5¡¢10Â¥ÐÂ¹¤×÷¼ä
-373414277,1,1,1,1039,724,0,5¡¢10Â¥ÐÂ¹¤×÷¼ä
334894280,1,1,1,501,725,0,5-6Â¥Çå½à¿¨
460888836,1,1,1,1129,729,0,11-12Â¥Çå½à¿¨
334894280,1,1,1,503,725,0,5-6Â¥Çå½à¿¨
334894280,1,1,1,504,725,0,5-6Â¥Çå½à¿¨
334894280,1,1,1,505,725,0,5-6Â¥Çå½à¿¨
334894280,1,1,1,506,725,0,5-6Â¥Çå½à¿¨
334894280,1,1,1,507,725,0,5-6Â¥Çå½à¿¨
334894280,1,1,1,508,725,0,5-6Â¥Çå½à¿¨
334894280,1,1,1,509,725,0,5-6Â¥Çå½à¿¨
334894280,1,1,1,510,725,0,5-6Â¥Çå½à¿¨
334894280,1,1,1,511,725,0,5-6Â¥Çå½à¿¨
334894280,1,1,1,512,725,0,5-6Â¥Çå½à¿¨
334894280,1,1,1,513,725,0,5-6Â¥Çå½à¿¨
334894280,1,1,1,514,725,0,5-6Â¥Çå½à¿¨
334894280,1,1,1,515,725,0,5-6Â¥Çå½à¿¨
334894280,1,1,1,516,725,0,5-6Â¥Çå½à¿¨
334894280,1,1,1,517,725,0,5-6Â¥Çå½à¿¨
334894280,1,1,1,518,725,0,5-6Â¥Çå½à¿¨
334894280,1,1,1,519,725,0,5-6Â¥Çå½à¿¨
334894280,1,1,1,520,725,0,5-6Â¥Çå½à¿¨
334894280,1,1,1,521,725,0,5-6Â¥Çå½à¿¨
334894280,1,1,1,522,725,0,5-6Â¥Çå½à¿¨
-373414277,1,1,1,1039,724,0,5¡¢10Â¥ÐÂ¹¤×÷¼ä
334894280,1,1,1,523,725,0,5-6Â¥Çå½à¿¨
334894280,1,1,1,525,725,0,5-6Â¥Çå½à¿¨
334894280,1,1,1,526,725,0,5-6Â¥Çå½à¿¨
334894280,1,1,1,527,725,0,5-6Â¥Çå½à¿¨
334894280,1,1,1,528,725,0,5-6Â¥Çå½à¿¨
334894280,1,1,1,529,725,0,5-6Â¥Çå½à¿¨
334894280,1,1,1,530,725,0,5-6Â¥Çå½à¿¨
334894280,1,1,1,531,725,0,5-6Â¥Çå½à¿¨
334894280,1,1,1,532,725,0,5-6Â¥Çå½à¿¨
334894280,1,1,1,533,725,0,5-6Â¥Çå½à¿¨
334894280,1,1,1,534,725,0,5-6Â¥Çå½à¿¨
334894280,1,1,1,535,725,0,5-6Â¥Çå½à¿¨
334894280,1,1,1,536,725,0,5-6Â¥Çå½à¿¨
334894280,1,1,1,537,725,0,5-6Â¥Çå½à¿¨
334894280,1,1,1,538,725,0,5-6Â¥Çå½à¿¨
334894280,1,1,1,540,725,0,5-6Â¥Çå½à¿¨
334894280,1,1,1,601,725,0,5-6Â¥Çå½à¿¨
334894280,1,1,1,602,725,0,5-6Â¥Çå½à¿¨
334894280,1,1,1,603,725,0,5-6Â¥Çå½à¿¨
334894280,1,1,1,604,725,0,5-6Â¥Çå½à¿¨
334894280,1,1,1,605,725,0,5-6Â¥Çå½à¿¨
334894280,1,1,1,606,725,0,5-6Â¥Çå½à¿¨
334894280,1,1,1,607,725,0,5-6Â¥Çå½à¿¨
334894280,1,1,1,608,725,0,5-6Â¥Çå½à¿¨
334894280,1,1,1,609,725,0,5-6Â¥Çå½à¿¨
334894280,1,1,1,610,725,0,5-6Â¥Çå½à¿¨
334894280,1,1,1,611,725,0,5-6Â¥Çå½à¿¨
334894280,1,1,1,612,725,0,5-6Â¥Çå½à¿¨
334894280,1,1,1,613,725,0,5-6Â¥Çå½à¿¨
334894280,1,1,1,614,725,0,5-6Â¥Çå½à¿¨
334894280,1,1,1,615,725,0,5-6Â¥Çå½à¿¨
334894280,1,1,1,616,725,0,5-6Â¥Çå½à¿¨
334894280,1,1,1,617,725,0,5-6Â¥Çå½à¿¨
334894280,1,1,1,618,725,0,5-6Â¥Çå½à¿¨
334894280,1,1,1,620,725,0,5-6Â¥Çå½à¿¨
334894280,1,1,1,621,725,0,5-6Â¥Çå½à¿¨
334894280,1,1,1,622,725,0,5-6Â¥Çå½à¿¨
334894280,1,1,1,623,725,0,5-6Â¥Çå½à¿¨
334894280,1,1,1,625,725,0,5-6Â¥Çå½à¿¨
334894280,1,1,1,626,725,0,5-6Â¥Çå½à¿¨
334894280,1,1,1,627,725,0,5-6Â¥Çå½à¿¨
334894280,1,1,1,628,725,0,5-6Â¥Çå½à¿¨
334894280,1,1,1,629,725,0,5-6Â¥Çå½à¿¨
334894280,1,1,1,630,725,0,5-6Â¥Çå½à¿¨
334894280,1,1,1,631,725,0,5-6Â¥Çå½à¿¨
334894280,1,1,1,632,725,0,5-6Â¥Çå½à¿¨
334894280,1,1,1,633,725,0,5-6Â¥Çå½à¿¨
334894280,1,1,1,634,725,0,5-6Â¥Çå½à¿¨
334894280,1,1,1,635,725,0,5-6Â¥Çå½à¿¨
334894280,1,1,1,636,725,0,5-6Â¥Çå½à¿¨
334894280,1,1,1,637,725,0,5-6Â¥Çå½à¿¨
334894280,1,1,1,638,725,0,5-6Â¥Çå½à¿¨
334894280,1,1,1,639,725,0,5-6Â¥Çå½à¿¨
-742211610,1,1,1,712,727,0,7-8Â¥Çå½à¿¨
-742211610,1,1,1,713,727,0,7-8Â¥Çå½à¿¨
-742211610,1,1,1,714,727,0,7-8Â¥Çå½à¿¨
-742211610,1,1,1,715,727,0,7-8Â¥Çå½à¿¨
-742211610,1,1,1,716,727,0,7-8Â¥Çå½à¿¨
-742211610,1,1,1,717,727,0,7-8Â¥Çå½à¿¨
-742211610,1,1,1,718,727,0,7-8Â¥Çå½à¿¨
-742211610,1,1,1,719,727,0,7-8Â¥Çå½à¿¨
-742211610,1,1,1,720,727,0,7-8Â¥Çå½à¿¨
-742211610,1,1,1,721,727,0,7-8Â¥Çå½à¿¨
-742211610,1,1,1,722,727,0,7-8Â¥Çå½à¿¨
-742211610,1,1,1,723,727,0,7-8Â¥Çå½à¿¨
-742211610,1,1,1,725,727,0,7-8Â¥Çå½à¿¨
-742211610,1,1,1,726,727,0,7-8Â¥Çå½à¿¨
-742211610,1,1,1,727,727,0,7-8Â¥Çå½à¿¨
-361143853,1,1,1,1039,526,0,10-11Â¥Çå½à¿¨
-361143853,1,1,1,1139,526,0,10-11Â¥Çå½à¿¨
-1312907476,1,1,1,701,726,0,7-8Â¥Çå½à¿¨
-1312907476,1,1,1,702,726,0,7-8Â¥Çå½à¿¨
-1312907476,1,1,1,703,726,0,7-8Â¥Çå½à¿¨
-1312907476,1,1,1,704,726,0,7-8Â¥Çå½à¿¨
-1312907476,1,1,1,705,726,0,7-8Â¥Çå½à¿¨
-1312907476,1,1,1,706,726,0,7-8Â¥Çå½à¿¨
-1312907476,1,1,1,707,726,0,7-8Â¥Çå½à¿¨
-1312907476,1,1,1,708,726,0,7-8Â¥Çå½à¿¨
-1312907476,1,1,1,709,726,0,7-8Â¥Çå½à¿¨
-1312907476,1,1,1,710,726,0,7-8Â¥Çå½à¿¨
-1312907476,1,1,1,711,726,0,7-8Â¥Çå½à¿¨
-1312907476,1,1,1,712,726,0,7-8Â¥Çå½à¿¨
-1312907476,1,1,1,713,726,0,7-8Â¥Çå½à¿¨
-1312907476,1,1,1,714,726,0,7-8Â¥Çå½à¿¨
-1312907476,1,1,1,715,726,0,7-8Â¥Çå½à¿¨
-1312907476,1,1,1,716,726,0,7-8Â¥Çå½à¿¨
-1312907476,1,1,1,717,726,0,7-8Â¥Çå½à¿¨
-1312907476,1,1,1,718,726,0,7-8Â¥Çå½à¿¨
-1312907476,1,1,1,719,726,0,7-8Â¥Çå½à¿¨
-1312907476,1,1,1,720,726,0,7-8Â¥Çå½à¿¨
-1312907476,1,1,1,721,726,0,7-8Â¥Çå½à¿¨
-1312907476,1,1,1,722,726,0,7-8Â¥Çå½à¿¨
-1312907476,1,1,1,723,726,0,7-8Â¥Çå½à¿¨
-1312907476,1,1,1,725,726,0,7-8Â¥Çå½à¿¨
-1312907476,1,1,1,726,726,0,7-8Â¥Çå½à¿¨
-1312907476,1,1,1,727,726,0,7-8Â¥Çå½à¿¨
-1312907476,1,1,1,728,726,0,7-8Â¥Çå½à¿¨
-1312907476,1,1,1,729,726,0,7-8Â¥Çå½à¿¨
-1312907476,1,1,1,730,726,0,7-8Â¥Çå½à¿¨
-1312907476,1,1,1,731,726,0,7-8Â¥Çå½à¿¨
582152857,1,1,1,1129,733,0,10-14Â¥×Ü¿¨
-1312907476,1,1,1,732,726,0,7-8Â¥Çå½à¿¨
-1312907476,1,1,1,733,726,0,7-8Â¥Çå½à¿¨
-1312907476,1,1,1,734,726,0,7-8Â¥Çå½à¿¨
-1312907476,1,1,1,735,726,0,7-8Â¥Çå½à¿¨
-1312907476,1,1,1,736,726,0,7-8Â¥Çå½à¿¨
-1312907476,1,1,1,738,726,0,7-8Â¥Çå½à¿¨
-1312907476,1,1,1,739,726,0,7-8Â¥Çå½à¿¨
-1312907476,1,1,1,740,726,0,7-8Â¥Çå½à¿¨
-1312907476,1,1,1,741,726,0,7-8Â¥Çå½à¿¨
-1312907476,1,1,1,788,726,0,7-8Â¥Çå½à¿¨
-1312907476,1,1,1,801,726,0,7-8Â¥Çå½à¿¨
-1312907476,1,1,1,802,726,0,7-8Â¥Çå½à¿¨
-1312907476,1,1,1,803,726,0,7-8Â¥Çå½à¿¨
-1312907476,1,1,1,804,726,0,7-8Â¥Çå½à¿¨
-1312907476,1,1,1,805,726,0,7-8Â¥Çå½à¿¨
-1312907476,1,1,1,806,726,0,7-8Â¥Çå½à¿¨
-1312907476,1,1,1,807,726,0,7-8Â¥Çå½à¿¨
-1312907476,1,1,1,808,726,0,7-8Â¥Çå½à¿¨
-1312907476,1,1,1,809,726,0,7-8Â¥Çå½à¿¨
-1312907476,1,1,1,810,726,0,7-8Â¥Çå½à¿¨
-1312907476,1,1,1,811,726,0,7-8Â¥Çå½à¿¨
-1312907476,1,1,1,812,726,0,7-8Â¥Çå½à¿¨
-1312907476,1,1,1,813,726,0,7-8Â¥Çå½à¿¨
-1312907476,1,1,1,814,726,0,7-8Â¥Çå½à¿¨
-1312907476,1,1,1,815,726,0,7-8Â¥Çå½à¿¨
-1312907476,1,1,1,816,726,0,7-8Â¥Çå½à¿¨
-1312907476,1,1,1,817,726,0,7-8Â¥Çå½à¿¨
-1312907476,1,1,1,818,726,0,7-8Â¥Çå½à¿¨
-1312907476,1,1,1,819,726,0,7-8Â¥Çå½à¿¨
-1312907476,1,1,1,820,726,0,7-8Â¥Çå½à¿¨
-1312907476,1,1,1,821,726,0,7-8Â¥Çå½à¿¨
-1312907476,1,1,1,822,726,0,7-8Â¥Çå½à¿¨
-1312907476,1,1,1,823,726,0,7-8Â¥Çå½à¿¨
-1312907476,1,1,1,825,726,0,7-8Â¥Çå½à¿¨
-1312907476,1,1,1,826,726,0,7-8Â¥Çå½à¿¨
-1312907476,1,1,1,827,726,0,7-8Â¥Çå½à¿¨
-1312907476,1,1,1,828,726,0,7-8Â¥Çå½à¿¨
-1312907476,1,1,1,829,726,0,7-8Â¥Çå½à¿¨
-1312907476,1,1,1,830,726,0,7-8Â¥Çå½à¿¨
-1312907476,1,1,1,831,726,0,7-8Â¥Çå½à¿¨
-1312907476,1,1,1,832,726,0,7-8Â¥Çå½à¿¨
-1312907476,1,1,1,833,726,0,7-8Â¥Çå½à¿¨
-1312907476,1,1,1,834,726,0,7-8Â¥Çå½à¿¨
-1312907476,1,1,1,835,726,0,7-8Â¥Çå½à¿¨
-1312907476,1,1,1,836,726,0,7-8Â¥Çå½à¿¨
-1312907476,1,1,1,837,726,0,7-8Â¥Çå½à¿¨
-1312907476,1,1,1,838,726,0,7-8Â¥Çå½à¿¨
-1312907476,1,1,1,839,726,0,7-8Â¥Çå½à¿¨
-1312907476,1,1,1,840,726,0,7-8Â¥Çå½à¿¨
-1312907476,1,1,1,841,726,0,7-8Â¥Çå½à¿¨
-1312907476,1,1,1,888,726,0,7-8Â¥Çå½à¿¨
-742211610,1,1,1,701,727,0,7-8Â¥Çå½à¿¨
-742211610,1,1,1,702,727,0,7-8Â¥Çå½à¿¨
-742211610,1,1,1,703,727,0,7-8Â¥Çå½à¿¨
-742211610,1,1,1,704,727,0,7-8Â¥Çå½à¿¨
-742211610,1,1,1,705,727,0,7-8Â¥Çå½à¿¨
-742211610,1,1,1,706,727,0,7-8Â¥Çå½à¿¨
-742211610,1,1,1,707,727,0,7-8Â¥Çå½à¿¨
-742211610,1,1,1,708,727,0,7-8Â¥Çå½à¿¨
-742211610,1,1,1,709,727,0,7-8Â¥Çå½à¿¨
-742211610,1,1,1,821,727,0,7-8Â¥Çå½à¿¨
-742211610,1,1,1,822,727,0,7-8Â¥Çå½à¿¨
-742211610,1,1,1,823,727,0,7-8Â¥Çå½à¿¨
-742211610,1,1,1,825,727,0,7-8Â¥Çå½à¿¨
-742211610,1,1,1,826,727,0,7-8Â¥Çå½à¿¨
-742211610,1,1,1,10021,727,0,7-8Â¥Çå½à¿¨
-742211610,1,1,1,10022,727,0,7-8Â¥Çå½à¿¨
-431532332,1,1,1,901,728,0,9-10Â¥Çå½à¿¨
-431532332,1,1,1,902,728,0,9-10Â¥Çå½à¿¨
-431532332,1,1,1,903,728,0,9-10Â¥Çå½à¿¨
-431532332,1,1,1,904,728,0,9-10Â¥Çå½à¿¨
-431532332,1,1,1,905,728,0,9-10Â¥Çå½à¿¨
-431532332,1,1,1,906,728,0,9-10Â¥Çå½à¿¨
-431532332,1,1,1,907,728,0,9-10Â¥Çå½à¿¨
-431532332,1,1,1,908,728,0,9-10Â¥Çå½à¿¨
-431532332,1,1,1,909,728,0,9-10Â¥Çå½à¿¨
-431532332,1,1,1,910,728,0,9-10Â¥Çå½à¿¨
-431532332,1,1,1,911,728,0,9-10Â¥Çå½à¿¨
-431532332,1,1,1,912,728,0,9-10Â¥Çå½à¿¨
-431532332,1,1,1,913,728,0,9-10Â¥Çå½à¿¨
-431532332,1,1,1,914,728,0,9-10Â¥Çå½à¿¨
-431532332,1,1,1,915,728,0,9-10Â¥Çå½à¿¨
-431532332,1,1,1,916,728,0,9-10Â¥Çå½à¿¨
-431532332,1,1,1,917,728,0,9-10Â¥Çå½à¿¨
-431532332,1,1,1,918,728,0,9-10Â¥Çå½à¿¨
-431532332,1,1,1,919,728,0,9-10Â¥Çå½à¿¨
-431532332,1,1,1,920,728,0,9-10Â¥Çå½à¿¨
-431532332,1,1,1,921,728,0,9-10Â¥Çå½à¿¨
-431532332,1,1,1,922,728,0,9-10Â¥Çå½à¿¨
-431532332,1,1,1,923,728,0,9-10Â¥Çå½à¿¨
-431532332,1,1,1,925,728,0,9-10Â¥Çå½à¿¨
-431532332,1,1,1,926,728,0,9-10Â¥Çå½à¿¨
-431532332,1,1,1,927,728,0,9-10Â¥Çå½à¿¨
-431532332,1,1,1,928,728,0,9-10Â¥Çå½à¿¨
-431532332,1,1,1,929,728,0,9-10Â¥Çå½à¿¨
-431532332,1,1,1,930,728,0,9-10Â¥Çå½à¿¨
-431532332,1,1,1,931,728,0,9-10Â¥Çå½à¿¨
-431532332,1,1,1,932,728,0,9-10Â¥Çå½à¿¨
-431532332,1,1,1,933,728,0,9-10Â¥Çå½à¿¨
-431532332,1,1,1,934,728,0,9-10Â¥Çå½à¿¨
-431532332,1,1,1,935,728,0,9-10Â¥Çå½à¿¨
-431532332,1,1,1,936,728,0,9-10Â¥Çå½à¿¨
-431532332,1,1,1,937,728,0,9-10Â¥Çå½à¿¨
-431532332,1,1,1,938,728,0,9-10Â¥Çå½à¿¨
-431532332,1,1,1,939,728,0,9-10Â¥Çå½à¿¨
-431532332,1,1,1,940,728,0,9-10Â¥Çå½à¿¨
-431532332,1,1,1,941,728,0,9-10Â¥Çå½à¿¨
-431532332,1,1,1,988,728,0,9-10Â¥Çå½à¿¨
-431532332,1,1,1,1001,728,0,9-10Â¥Çå½à¿¨
-431532332,1,1,1,1003,728,0,9-10Â¥Çå½à¿¨
-431532332,1,1,1,1004,728,0,9-10Â¥Çå½à¿¨
-431532332,1,1,1,1005,728,0,9-10Â¥Çå½à¿¨
-431532332,1,1,1,1006,728,0,9-10Â¥Çå½à¿¨
-431532332,1,1,1,1007,728,0,9-10Â¥Çå½à¿¨
-431532332,1,1,1,1008,728,0,9-10Â¥Çå½à¿¨
-431532332,1,1,1,1009,728,0,9-10Â¥Çå½à¿¨
-431532332,1,1,1,1010,728,0,9-10Â¥Çå½à¿¨
-431532332,1,1,1,1011,728,0,9-10Â¥Çå½à¿¨
-431532332,1,1,1,1012,728,0,9-10Â¥Çå½à¿¨
-431532332,1,1,1,1013,728,0,9-10Â¥Çå½à¿¨
-431532332,1,1,1,1014,728,0,9-10Â¥Çå½à¿¨
-431532332,1,1,1,1015,728,0,9-10Â¥Çå½à¿¨
-431532332,1,1,1,1016,728,0,9-10Â¥Çå½à¿¨
-431532332,1,1,1,1017,728,0,9-10Â¥Çå½à¿¨
-431532332,1,1,1,1018,728,0,9-10Â¥Çå½à¿¨
-431532332,1,1,1,1019,728,0,9-10Â¥Çå½à¿¨
-431532332,1,1,1,1020,728,0,9-10Â¥Çå½à¿¨
-431532332,1,1,1,1021,728,0,9-10Â¥Çå½à¿¨
-431532332,1,1,1,1022,728,0,9-10Â¥Çå½à¿¨
-431532332,1,1,1,1023,728,0,9-10Â¥Çå½à¿¨
-431532332,1,1,1,1025,728,0,9-10Â¥Çå½à¿¨
-431532332,1,1,1,1026,728,0,9-10Â¥Çå½à¿¨
-431532332,1,1,1,1027,728,0,9-10Â¥Çå½à¿¨
-431532332,1,1,1,1028,728,0,9-10Â¥Çå½à¿¨
-431532332,1,1,1,1029,728,0,9-10Â¥Çå½à¿¨
-431532332,1,1,1,1030,728,0,9-10Â¥Çå½à¿¨
-431532332,1,1,1,1031,728,0,9-10Â¥Çå½à¿¨
-431532332,1,1,1,1032,728,0,9-10Â¥Çå½à¿¨
-431532332,1,1,1,1033,728,0,9-10Â¥Çå½à¿¨
-431532332,1,1,1,1034,728,0,9-10Â¥Çå½à¿¨
-431532332,1,1,1,1035,728,0,9-10Â¥Çå½à¿¨
-431532332,1,1,1,1036,728,0,9-10Â¥Çå½à¿¨
-431532332,1,1,1,1037,728,0,9-10Â¥Çå½à¿¨
-431532332,1,1,1,1038,728,0,9-10Â¥Çå½à¿¨
-431532332,1,1,1,1039,728,0,9-10Â¥Çå½à¿¨
-431532332,1,1,1,1040,728,0,9-10Â¥Çå½à¿¨
-431532332,1,1,1,1041,728,0,9-10Â¥Çå½à¿¨
-431532332,1,1,1,1088,728,0,9-10Â¥Çå½à¿¨
460888836,1,1,1,1101,729,0,11-12Â¥Çå½à¿¨
460888836,1,1,1,1102,729,0,11-12Â¥Çå½à¿¨
460888836,1,1,1,1103,729,0,11-12Â¥Çå½à¿¨
460888836,1,1,1,1104,729,0,11-12Â¥Çå½à¿¨
460888836,1,1,1,1105,729,0,11-12Â¥Çå½à¿¨
460888836,1,1,1,1106,729,0,11-12Â¥Çå½à¿¨
460888836,1,1,1,1107,729,0,11-12Â¥Çå½à¿¨
460888836,1,1,1,1108,729,0,11-12Â¥Çå½à¿¨
460888836,1,1,1,1109,729,0,11-12Â¥Çå½à¿¨
460888836,1,1,1,1110,729,0,11-12Â¥Çå½à¿¨
460888836,1,1,1,1111,729,0,11-12Â¥Çå½à¿¨
460888836,1,1,1,1112,729,0,11-12Â¥Çå½à¿¨
460888836,1,1,1,1113,729,0,11-12Â¥Çå½à¿¨
460888836,1,1,1,1114,729,0,11-12Â¥Çå½à¿¨
460888836,1,1,1,1115,729,0,11-12Â¥Çå½à¿¨
460888836,1,1,1,1116,729,0,11-12Â¥Çå½à¿¨
460888836,1,1,1,1117,729,0,11-12Â¥Çå½à¿¨
460888836,1,1,1,1118,729,0,11-12Â¥Çå½à¿¨
460888836,1,1,1,1119,729,0,11-12Â¥Çå½à¿¨
460888836,1,1,1,1120,729,0,11-12Â¥Çå½à¿¨
460888836,1,1,1,1121,729,0,11-12Â¥Çå½à¿¨
460888836,1,1,1,1122,729,0,11-12Â¥Çå½à¿¨
460888836,1,1,1,1123,729,0,11-12Â¥Çå½à¿¨
460888836,1,1,1,1125,729,0,11-12Â¥Çå½à¿¨
460888836,1,1,1,1126,729,0,11-12Â¥Çå½à¿¨
460888836,1,1,1,1127,729,0,11-12Â¥Çå½à¿¨
460888836,1,1,1,1128,729,0,11-12Â¥Çå½à¿¨
432119604,1,1,1,1129,670,0,11-13Â¥×ÛºÏÇå½à¿¨
460888836,1,1,1,1130,729,0,11-12Â¥Çå½à¿¨
460888836,1,1,1,1131,729,0,11-12Â¥Çå½à¿¨
460888836,1,1,1,1132,729,0,11-12Â¥Çå½à¿¨
460888836,1,1,1,1133,729,0,11-12Â¥Çå½à¿¨
460888836,1,1,1,1134,729,0,11-12Â¥Çå½à¿¨
460888836,1,1,1,1135,729,0,11-12Â¥Çå½à¿¨
460888836,1,1,1,1136,729,0,11-12Â¥Çå½à¿¨
460888836,1,1,1,1137,729,0,11-12Â¥Çå½à¿¨
460888836,1,1,1,1138,729,0,11-12Â¥Çå½à¿¨
460888836,1,1,1,1139,729,0,11-12Â¥Çå½à¿¨
460888836,1,1,1,1140,729,0,11-12Â¥Çå½à¿¨
460888836,1,1,1,1141,729,0,11-12Â¥Çå½à¿¨
460888836,1,1,1,1188,729,0,11-12Â¥Çå½à¿¨
460888836,1,1,1,1201,729,0,11-12Â¥Çå½à¿¨
460888836,1,1,1,1202,729,0,11-12Â¥Çå½à¿¨
460888836,1,1,1,1203,729,0,11-12Â¥Çå½à¿¨
460888836,1,1,1,1204,729,0,11-12Â¥Çå½à¿¨
460888836,1,1,1,1205,729,0,11-12Â¥Çå½à¿¨
460888836,1,1,1,1206,729,0,11-12Â¥Çå½à¿¨
460888836,1,1,1,1207,729,0,11-12Â¥Çå½à¿¨
460888836,1,1,1,1208,729,0,11-12Â¥Çå½à¿¨
460888836,1,1,1,1209,729,0,11-12Â¥Çå½à¿¨
460888836,1,1,1,1210,729,0,11-12Â¥Çå½à¿¨
460888836,1,1,1,1211,729,0,11-12Â¥Çå½à¿¨
460888836,1,1,1,1212,729,0,11-12Â¥Çå½à¿¨
460888836,1,1,1,1213,729,0,11-12Â¥Çå½à¿¨
460888836,1,1,1,1214,729,0,11-12Â¥Çå½à¿¨
460888836,1,1,1,1215,729,0,11-12Â¥Çå½à¿¨
460888836,1,1,1,1216,729,0,11-12Â¥Çå½à¿¨
460888836,1,1,1,1217,729,0,11-12Â¥Çå½à¿¨
460888836,1,1,1,1218,729,0,11-12Â¥Çå½à¿¨
460888836,1,1,1,1219,729,0,11-12Â¥Çå½à¿¨
460888836,1,1,1,1220,729,0,11-12Â¥Çå½à¿¨
460888836,1,1,1,1221,729,0,11-12Â¥Çå½à¿¨
460888836,1,1,1,1222,729,0,11-12Â¥Çå½à¿¨
460888836,1,1,1,1223,729,0,11-12Â¥Çå½à¿¨
460888836,1,1,1,1225,729,0,11-12Â¥Çå½à¿¨
460888836,1,1,1,1226,729,0,11-12Â¥Çå½à¿¨
460888836,1,1,1,1227,729,0,11-12Â¥Çå½à¿¨
460888836,1,1,1,1228,729,0,11-12Â¥Çå½à¿¨
460888836,1,1,1,1229,729,0,11-12Â¥Çå½à¿¨
460888836,1,1,1,1230,729,0,11-12Â¥Çå½à¿¨
460888836,1,1,1,1231,729,0,11-12Â¥Çå½à¿¨
460888836,1,1,1,1232,729,0,11-12Â¥Çå½à¿¨
460888836,1,1,1,1233,729,0,11-12Â¥Çå½à¿¨
460888836,1,1,1,1234,729,0,11-12Â¥Çå½à¿¨
460888836,1,1,1,1235,729,0,11-12Â¥Çå½à¿¨
460888836,1,1,1,1236,729,0,11-12Â¥Çå½à¿¨
460888836,1,1,1,1237,729,0,11-12Â¥Çå½à¿¨
460888836,1,1,1,1238,729,0,11-12Â¥Çå½à¿¨
460888836,1,1,1,1239,729,0,11-12Â¥Çå½à¿¨
460888836,1,1,1,1240,729,0,11-12Â¥Çå½à¿¨
460888836,1,1,1,1241,729,0,11-12Â¥Çå½à¿¨
-1606877538,1,1,1,1301,730,0,13-14Â¥Çå½à¿¨
-1606877538,1,1,1,1302,730,0,13-14Â¥Çå½à¿¨
-1606877538,1,1,1,1303,730,0,13-14Â¥Çå½à¿¨
-1606877538,1,1,1,1304,730,0,13-14Â¥Çå½à¿¨
-1606877538,1,1,1,1305,730,0,13-14Â¥Çå½à¿¨
-1606877538,1,1,1,1306,730,0,13-14Â¥Çå½à¿¨
-1606877538,1,1,1,1307,730,0,13-14Â¥Çå½à¿¨
-1606877538,1,1,1,1308,730,0,13-14Â¥Çå½à¿¨
-1606877538,1,1,1,1309,730,0,13-14Â¥Çå½à¿¨
-1606877538,1,1,1,1310,730,0,13-14Â¥Çå½à¿¨
-1606877538,1,1,1,1311,730,0,13-14Â¥Çå½à¿¨
-1606877538,1,1,1,1312,730,0,13-14Â¥Çå½à¿¨
-1606877538,1,1,1,1313,730,0,13-14Â¥Çå½à¿¨
-1606877538,1,1,1,1314,730,0,13-14Â¥Çå½à¿¨
-1606877538,1,1,1,1315,730,0,13-14Â¥Çå½à¿¨
-1606877538,1,1,1,1316,730,0,13-14Â¥Çå½à¿¨
-1606877538,1,1,1,1317,730,0,13-14Â¥Çå½à¿¨
-1606877538,1,1,1,1318,730,0,13-14Â¥Çå½à¿¨
-1606877538,1,1,1,1319,730,0,13-14Â¥Çå½à¿¨
-1606877538,1,1,1,1320,730,0,13-14Â¥Çå½à¿¨
-1606877538,1,1,1,1321,730,0,13-14Â¥Çå½à¿¨
-1606877538,1,1,1,1322,730,0,13-14Â¥Çå½à¿¨
-1606877538,1,1,1,1323,730,0,13-14Â¥Çå½à¿¨
-1606877538,1,1,1,1325,730,0,13-14Â¥Çå½à¿¨
-1606877538,1,1,1,1326,730,0,13-14Â¥Çå½à¿¨
-1606877538,1,1,1,1327,730,0,13-14Â¥Çå½à¿¨
-1606877538,1,1,1,1328,730,0,13-14Â¥Çå½à¿¨
-1606877538,1,1,1,1329,730,0,13-14Â¥Çå½à¿¨
-1606877538,1,1,1,1330,730,0,13-14Â¥Çå½à¿¨
-1606877538,1,1,1,1331,730,0,13-14Â¥Çå½à¿¨
-1606877538,1,1,1,1332,730,0,13-14Â¥Çå½à¿¨
-1606877538,1,1,1,1333,730,0,13-14Â¥Çå½à¿¨
-1606877538,1,1,1,1339,730,0,13-14Â¥Çå½à¿¨
-1606877538,1,1,1,1340,730,0,13-14Â¥Çå½à¿¨
-1606877538,1,1,1,1341,730,0,13-14Â¥Çå½à¿¨
-1606877538,1,1,1,1388,730,0,13-14Â¥Çå½à¿¨
-1606877538,1,1,1,1401,730,0,13-14Â¥Çå½à¿¨
-1606877538,1,1,1,1402,730,0,13-14Â¥Çå½à¿¨
-1606877538,1,1,1,1403,730,0,13-14Â¥Çå½à¿¨
-1606877538,1,1,1,1405,730,0,13-14Â¥Çå½à¿¨
-1606877538,1,1,1,1406,730,0,13-14Â¥Çå½à¿¨
-1606877538,1,1,1,1407,730,0,13-14Â¥Çå½à¿¨
-1606877538,1,1,1,1408,730,0,13-14Â¥Çå½à¿¨
-1606877538,1,1,1,1410,730,0,13-14Â¥Çå½à¿¨
-1606877538,1,1,1,1411,730,0,13-14Â¥Çå½à¿¨
-1606877538,1,1,1,1412,730,0,13-14Â¥Çå½à¿¨
-1606877538,1,1,1,1413,730,0,13-14Â¥Çå½à¿¨
-1606877538,1,1,1,1415,730,0,13-14Â¥Çå½à¿¨
-1606877538,1,1,1,1416,730,0,13-14Â¥Çå½à¿¨
-1606877538,1,1,1,1417,730,0,13-14Â¥Çå½à¿¨
-1606877538,1,1,1,1419,730,0,13-14Â¥Çå½à¿¨
-1606877538,1,1,1,1421,730,0,13-14Â¥Çå½à¿¨
-1606877538,1,1,1,1423,730,0,13-14Â¥Çå½à¿¨
-1606877538,1,1,1,1425,730,0,13-14Â¥Çå½à¿¨
-1606877538,1,1,1,1426,730,0,13-14Â¥Çå½à¿¨
-1606877538,1,1,1,1427,730,0,13-14Â¥Çå½à¿¨
-1606877538,1,1,1,1428,730,0,13-14Â¥Çå½à¿¨
-1606877538,1,1,1,1430,730,0,13-14Â¥Çå½à¿¨
-1606877538,1,1,1,1432,730,0,13-14Â¥Çå½à¿¨
-1606877538,1,1,1,1439,730,0,13-14Â¥Çå½à¿¨
-1606877538,1,1,1,1440,730,0,13-14Â¥Çå½à¿¨
-1606877538,1,1,1,1488,730,0,13-14Â¥Çå½à¿¨
460888836,1,1,1,1288,729,0,11-12Â¥Çå½à¿¨
-199817096,1,1,1,1501,731,0,15-16Â¥Çå½à¿¨
-199817096,1,1,1,1502,731,0,15-16Â¥Çå½à¿¨
-199817096,1,1,1,1503,731,0,15-16Â¥Çå½à¿¨
-199817096,1,1,1,1505,731,0,15-16Â¥Çå½à¿¨
-199817096,1,1,1,1506,731,0,15-16Â¥Çå½à¿¨
-199817096,1,1,1,1507,731,0,15-16Â¥Çå½à¿¨
-199817096,1,1,1,1508,731,0,15-16Â¥Çå½à¿¨
-199817096,1,1,1,1509,731,0,15-16Â¥Çå½à¿¨
-199817096,1,1,1,1511,731,0,15-16Â¥Çå½à¿¨
-199817096,1,1,1,1512,731,0,15-16Â¥Çå½à¿¨
-199817096,1,1,1,1513,731,0,15-16Â¥Çå½à¿¨
-199817096,1,1,1,1514,731,0,15-16Â¥Çå½à¿¨
-199817096,1,1,1,1515,731,0,15-16Â¥Çå½à¿¨
-199817096,1,1,1,1516,731,0,15-16Â¥Çå½à¿¨
-199817096,1,1,1,1517,731,0,15-16Â¥Çå½à¿¨
-199817096,1,1,1,1518,731,0,15-16Â¥Çå½à¿¨
-199817096,1,1,1,1519,731,0,15-16Â¥Çå½à¿¨
-199817096,1,1,1,1520,731,0,15-16Â¥Çå½à¿¨
-199817096,1,1,1,1521,731,0,15-16Â¥Çå½à¿¨
-199817096,1,1,1,1522,731,0,15-16Â¥Çå½à¿¨
-199817096,1,1,1,1523,731,0,15-16Â¥Çå½à¿¨
-199817096,1,1,1,1525,731,0,15-16Â¥Çå½à¿¨
-199817096,1,1,1,1526,731,0,15-16Â¥Çå½à¿¨
-199817096,1,1,1,1527,731,0,15-16Â¥Çå½à¿¨
-199817096,1,1,1,1528,731,0,15-16Â¥Çå½à¿¨
-199817096,1,1,1,1530,731,0,15-16Â¥Çå½à¿¨
-199817096,1,1,1,1532,731,0,15-16Â¥Çå½à¿¨
-199817096,1,1,1,1539,731,0,15-16Â¥Çå½à¿¨
-199817096,1,1,1,1540,731,0,15-16Â¥Çå½à¿¨
-199817096,1,1,1,1541,731,0,15-16Â¥Çå½à¿¨
-199817096,1,1,1,1588,731,0,15-16Â¥Çå½à¿¨
-199817096,1,1,1,1601,731,0,15-16Â¥Çå½à¿¨
-199817096,1,1,1,1602,731,0,15-16Â¥Çå½à¿¨
-199817096,1,1,1,1603,731,0,15-16Â¥Çå½à¿¨
-199817096,1,1,1,1605,731,0,15-16Â¥Çå½à¿¨
-199817096,1,1,1,1606,731,0,15-16Â¥Çå½à¿¨
-199817096,1,1,1,1607,731,0,15-16Â¥Çå½à¿¨
-199817096,1,1,1,1608,731,0,15-16Â¥Çå½à¿¨
-199817096,1,1,1,1609,731,0,15-16Â¥Çå½à¿¨
-199817096,1,1,1,1611,731,0,15-16Â¥Çå½à¿¨
-199817096,1,1,1,1612,731,0,15-16Â¥Çå½à¿¨
-199817096,1,1,1,1613,731,0,15-16Â¥Çå½à¿¨
-199817096,1,1,1,1614,731,0,15-16Â¥Çå½à¿¨
-199817096,1,1,1,1615,731,0,15-16Â¥Çå½à¿¨
-199817096,1,1,1,1616,731,0,15-16Â¥Çå½à¿¨
-199817096,1,1,1,1617,731,0,15-16Â¥Çå½à¿¨
-199817096,1,1,1,1618,731,0,15-16Â¥Çå½à¿¨
-199817096,1,1,1,1619,731,0,15-16Â¥Çå½à¿¨
-199817096,1,1,1,1620,731,0,15-16Â¥Çå½à¿¨
-199817096,1,1,1,1621,731,0,15-16Â¥Çå½à¿¨
-199817096,1,1,1,1622,731,0,15-16Â¥Çå½à¿¨
-199817096,1,1,1,1623,731,0,15-16Â¥Çå½à¿¨
-199817096,1,1,1,1626,731,0,15-16Â¥Çå½à¿¨
-199817096,1,1,1,1628,731,0,15-16Â¥Çå½à¿¨
-199817096,1,1,1,1629,731,0,15-16Â¥Çå½à¿¨
-199817096,1,1,1,1639,731,0,15-16Â¥Çå½à¿¨
-199817096,1,1,1,1640,731,0,15-16Â¥Çå½à¿¨
-199817096,1,1,1,1641,731,0,15-16Â¥Çå½à¿¨
-199817096,1,1,1,1688,731,0,15-16Â¥Çå½à¿¨
334894280,1,1,1,541,725,0,5-6Â¥Çå½à¿¨
334894280,1,1,1,640,725,0,5-6Â¥Çå½à¿¨
334894280,1,1,1,641,725,0,5-6Â¥Çå½à¿¨
334894280,1,1,1,688,725,0,5-6Â¥Çå½à¿¨
586133548,1,1,1,401,732,0,4-9Â¥×Ü¿¨
586133548,1,1,1,402,732,0,4-9Â¥×Ü¿¨
586133548,1,1,1,403,732,0,4-9Â¥×Ü¿¨
586133548,1,1,1,404,732,0,4-9Â¥×Ü¿¨
586133548,1,1,1,405,732,0,4-9Â¥×Ü¿¨
586133548,1,1,1,406,732,0,4-9Â¥×Ü¿¨
586133548,1,1,1,407,732,0,4-9Â¥×Ü¿¨
586133548,1,1,1,408,732,0,4-9Â¥×Ü¿¨
586133548,1,1,1,409,732,0,4-9Â¥×Ü¿¨
586133548,1,1,1,410,732,0,4-9Â¥×Ü¿¨
586133548,1,1,1,411,732,0,4-9Â¥×Ü¿¨
-1254530210,1,1,1,1510,734,0,15-19Â¥×Ü¿¨
-1254530210,1,1,1,1610,734,0,15-19Â¥×Ü¿¨
586133548,1,1,1,488,732,0,4-9Â¥×Ü¿¨
-1365434383,1,1,1,1129,590,0,8-11Â¥²é·¿¿¨
894953931,1,1,1,317,746,0,3Â¥×Ü·¿¿¨
582152857,1,1,1,1001,733,0,10-14Â¥×Ü¿¨
582152857,1,1,1,1003,733,0,10-14Â¥×Ü¿¨
582152857,1,1,1,1004,733,0,10-14Â¥×Ü¿¨
582152857,1,1,1,1005,733,0,10-14Â¥×Ü¿¨
582152857,1,1,1,1006,733,0,10-14Â¥×Ü¿¨
582152857,1,1,1,1007,733,0,10-14Â¥×Ü¿¨
582152857,1,1,1,1008,733,0,10-14Â¥×Ü¿¨
582152857,1,1,1,1009,733,0,10-14Â¥×Ü¿¨
582152857,1,1,1,1010,733,0,10-14Â¥×Ü¿¨
582152857,1,1,1,1011,733,0,10-14Â¥×Ü¿¨
582152857,1,1,1,1012,733,0,10-14Â¥×Ü¿¨
582152857,1,1,1,1013,733,0,10-14Â¥×Ü¿¨
582152857,1,1,1,1014,733,0,10-14Â¥×Ü¿¨
582152857,1,1,1,1015,733,0,10-14Â¥×Ü¿¨
582152857,1,1,1,1016,733,0,10-14Â¥×Ü¿¨
582152857,1,1,1,1017,733,0,10-14Â¥×Ü¿¨
582152857,1,1,1,1018,733,0,10-14Â¥×Ü¿¨
582152857,1,1,1,1019,733,0,10-14Â¥×Ü¿¨
582152857,1,1,1,1020,733,0,10-14Â¥×Ü¿¨
582152857,1,1,1,1021,733,0,10-14Â¥×Ü¿¨
582152857,1,1,1,1022,733,0,10-14Â¥×Ü¿¨
582152857,1,1,1,1023,733,0,10-14Â¥×Ü¿¨
582152857,1,1,1,1025,733,0,10-14Â¥×Ü¿¨
582152857,1,1,1,1026,733,0,10-14Â¥×Ü¿¨
582152857,1,1,1,1027,733,0,10-14Â¥×Ü¿¨
582152857,1,1,1,1028,733,0,10-14Â¥×Ü¿¨
582152857,1,1,1,1029,733,0,10-14Â¥×Ü¿¨
582152857,1,1,1,1030,733,0,10-14Â¥×Ü¿¨
582152857,1,1,1,1031,733,0,10-14Â¥×Ü¿¨
582152857,1,1,1,1032,733,0,10-14Â¥×Ü¿¨
582152857,1,1,1,1033,733,0,10-14Â¥×Ü¿¨
582152857,1,1,1,1034,733,0,10-14Â¥×Ü¿¨
582152857,1,1,1,1035,733,0,10-14Â¥×Ü¿¨
582152857,1,1,1,1036,733,0,10-14Â¥×Ü¿¨
582152857,1,1,1,1037,733,0,10-14Â¥×Ü¿¨
582152857,1,1,1,1038,733,0,10-14Â¥×Ü¿¨
582152857,1,1,1,1039,733,0,10-14Â¥×Ü¿¨
582152857,1,1,1,1040,733,0,10-14Â¥×Ü¿¨
582152857,1,1,1,1041,733,0,10-14Â¥×Ü¿¨
582152857,1,1,1,1088,733,0,10-14Â¥×Ü¿¨
582152857,1,1,1,1101,733,0,10-14Â¥×Ü¿¨
582152857,1,1,1,1102,733,0,10-14Â¥×Ü¿¨
582152857,1,1,1,1103,733,0,10-14Â¥×Ü¿¨
582152857,1,1,1,1104,733,0,10-14Â¥×Ü¿¨
582152857,1,1,1,1105,733,0,10-14Â¥×Ü¿¨
582152857,1,1,1,1106,733,0,10-14Â¥×Ü¿¨
582152857,1,1,1,1107,733,0,10-14Â¥×Ü¿¨
582152857,1,1,1,1108,733,0,10-14Â¥×Ü¿¨
582152857,1,1,1,1109,733,0,10-14Â¥×Ü¿¨
582152857,1,1,1,1110,733,0,10-14Â¥×Ü¿¨
582152857,1,1,1,1111,733,0,10-14Â¥×Ü¿¨
582152857,1,1,1,1112,733,0,10-14Â¥×Ü¿¨
582152857,1,1,1,1113,733,0,10-14Â¥×Ü¿¨
582152857,1,1,1,1114,733,0,10-14Â¥×Ü¿¨
582152857,1,1,1,1115,733,0,10-14Â¥×Ü¿¨
582152857,1,1,1,1116,733,0,10-14Â¥×Ü¿¨
582152857,1,1,1,1117,733,0,10-14Â¥×Ü¿¨
582152857,1,1,1,1118,733,0,10-14Â¥×Ü¿¨
582152857,1,1,1,1119,733,0,10-14Â¥×Ü¿¨
582152857,1,1,1,1120,733,0,10-14Â¥×Ü¿¨
582152857,1,1,1,1121,733,0,10-14Â¥×Ü¿¨
582152857,1,1,1,1122,733,0,10-14Â¥×Ü¿¨
582152857,1,1,1,1123,733,0,10-14Â¥×Ü¿¨
582152857,1,1,1,1125,733,0,10-14Â¥×Ü¿¨
582152857,1,1,1,1126,733,0,10-14Â¥×Ü¿¨
582152857,1,1,1,1127,733,0,10-14Â¥×Ü¿¨
582152857,1,1,1,1128,733,0,10-14Â¥×Ü¿¨
-373414277,1,1,1,10021,724,0,5¡¢10Â¥ÐÂ¹¤×÷¼ä
582152857,1,1,1,1130,733,0,10-14Â¥×Ü¿¨
582152857,1,1,1,1131,733,0,10-14Â¥×Ü¿¨
582152857,1,1,1,1132,733,0,10-14Â¥×Ü¿¨
582152857,1,1,1,1133,733,0,10-14Â¥×Ü¿¨
582152857,1,1,1,1134,733,0,10-14Â¥×Ü¿¨
582152857,1,1,1,1135,733,0,10-14Â¥×Ü¿¨
582152857,1,1,1,1136,733,0,10-14Â¥×Ü¿¨
582152857,1,1,1,1137,733,0,10-14Â¥×Ü¿¨
582152857,1,1,1,1138,733,0,10-14Â¥×Ü¿¨
582152857,1,1,1,1139,733,0,10-14Â¥×Ü¿¨
582152857,1,1,1,1140,733,0,10-14Â¥×Ü¿¨
582152857,1,1,1,1141,733,0,10-14Â¥×Ü¿¨
582152857,1,1,1,1188,733,0,10-14Â¥×Ü¿¨
582152857,1,1,1,1201,733,0,10-14Â¥×Ü¿¨
582152857,1,1,1,1202,733,0,10-14Â¥×Ü¿¨
582152857,1,1,1,1203,733,0,10-14Â¥×Ü¿¨
582152857,1,1,1,1204,733,0,10-14Â¥×Ü¿¨
582152857,1,1,1,1205,733,0,10-14Â¥×Ü¿¨
582152857,1,1,1,1206,733,0,10-14Â¥×Ü¿¨
582152857,1,1,1,1207,733,0,10-14Â¥×Ü¿¨
582152857,1,1,1,1208,733,0,10-14Â¥×Ü¿¨
582152857,1,1,1,1209,733,0,10-14Â¥×Ü¿¨
582152857,1,1,1,1210,733,0,10-14Â¥×Ü¿¨
582152857,1,1,1,1211,733,0,10-14Â¥×Ü¿¨
582152857,1,1,1,1212,733,0,10-14Â¥×Ü¿¨
582152857,1,1,1,1213,733,0,10-14Â¥×Ü¿¨
582152857,1,1,1,1214,733,0,10-14Â¥×Ü¿¨
582152857,1,1,1,1215,733,0,10-14Â¥×Ü¿¨
582152857,1,1,1,1216,733,0,10-14Â¥×Ü¿¨
582152857,1,1,1,1217,733,0,10-14Â¥×Ü¿¨
582152857,1,1,1,1218,733,0,10-14Â¥×Ü¿¨
582152857,1,1,1,1219,733,0,10-14Â¥×Ü¿¨
582152857,1,1,1,1220,733,0,10-14Â¥×Ü¿¨
582152857,1,1,1,1221,733,0,10-14Â¥×Ü¿¨
582152857,1,1,1,1222,733,0,10-14Â¥×Ü¿¨
582152857,1,1,1,1223,733,0,10-14Â¥×Ü¿¨
582152857,1,1,1,1225,733,0,10-14Â¥×Ü¿¨
582152857,1,1,1,1226,733,0,10-14Â¥×Ü¿¨
582152857,1,1,1,1227,733,0,10-14Â¥×Ü¿¨
582152857,1,1,1,1228,733,0,10-14Â¥×Ü¿¨
582152857,1,1,1,1229,733,0,10-14Â¥×Ü¿¨
582152857,1,1,1,1230,733,0,10-14Â¥×Ü¿¨
582152857,1,1,1,1231,733,0,10-14Â¥×Ü¿¨
582152857,1,1,1,1232,733,0,10-14Â¥×Ü¿¨
582152857,1,1,1,1233,733,0,10-14Â¥×Ü¿¨
582152857,1,1,1,1234,733,0,10-14Â¥×Ü¿¨
582152857,1,1,1,1235,733,0,10-14Â¥×Ü¿¨
582152857,1,1,1,1236,733,0,10-14Â¥×Ü¿¨
582152857,1,1,1,1237,733,0,10-14Â¥×Ü¿¨
582152857,1,1,1,1238,733,0,10-14Â¥×Ü¿¨
582152857,1,1,1,1239,733,0,10-14Â¥×Ü¿¨
582152857,1,1,1,1240,733,0,10-14Â¥×Ü¿¨
582152857,1,1,1,1241,733,0,10-14Â¥×Ü¿¨
582152857,1,1,1,1288,733,0,10-14Â¥×Ü¿¨
582152857,1,1,1,1301,733,0,10-14Â¥×Ü¿¨
582152857,1,1,1,1302,733,0,10-14Â¥×Ü¿¨
582152857,1,1,1,1303,733,0,10-14Â¥×Ü¿¨
582152857,1,1,1,1304,733,0,10-14Â¥×Ü¿¨
582152857,1,1,1,1305,733,0,10-14Â¥×Ü¿¨
582152857,1,1,1,1306,733,0,10-14Â¥×Ü¿¨
582152857,1,1,1,1307,733,0,10-14Â¥×Ü¿¨
582152857,1,1,1,1308,733,0,10-14Â¥×Ü¿¨
582152857,1,1,1,1309,733,0,10-14Â¥×Ü¿¨
582152857,1,1,1,1310,733,0,10-14Â¥×Ü¿¨
582152857,1,1,1,1311,733,0,10-14Â¥×Ü¿¨
582152857,1,1,1,1312,733,0,10-14Â¥×Ü¿¨
582152857,1,1,1,1313,733,0,10-14Â¥×Ü¿¨
582152857,1,1,1,1314,733,0,10-14Â¥×Ü¿¨
582152857,1,1,1,1315,733,0,10-14Â¥×Ü¿¨
582152857,1,1,1,1316,733,0,10-14Â¥×Ü¿¨
582152857,1,1,1,1317,733,0,10-14Â¥×Ü¿¨
582152857,1,1,1,1318,733,0,10-14Â¥×Ü¿¨
582152857,1,1,1,1319,733,0,10-14Â¥×Ü¿¨
582152857,1,1,1,1320,733,0,10-14Â¥×Ü¿¨
582152857,1,1,1,1321,733,0,10-14Â¥×Ü¿¨
582152857,1,1,1,1322,733,0,10-14Â¥×Ü¿¨
582152857,1,1,1,1323,733,0,10-14Â¥×Ü¿¨
582152857,1,1,1,1325,733,0,10-14Â¥×Ü¿¨
582152857,1,1,1,1326,733,0,10-14Â¥×Ü¿¨
582152857,1,1,1,1327,733,0,10-14Â¥×Ü¿¨
582152857,1,1,1,1328,733,0,10-14Â¥×Ü¿¨
582152857,1,1,1,1329,733,0,10-14Â¥×Ü¿¨
582152857,1,1,1,1330,733,0,10-14Â¥×Ü¿¨
582152857,1,1,1,1331,733,0,10-14Â¥×Ü¿¨
582152857,1,1,1,1332,733,0,10-14Â¥×Ü¿¨
582152857,1,1,1,1333,733,0,10-14Â¥×Ü¿¨
582152857,1,1,1,1339,733,0,10-14Â¥×Ü¿¨
582152857,1,1,1,1340,733,0,10-14Â¥×Ü¿¨
582152857,1,1,1,1341,733,0,10-14Â¥×Ü¿¨
582152857,1,1,1,1388,733,0,10-14Â¥×Ü¿¨
582152857,1,1,1,1401,733,0,10-14Â¥×Ü¿¨
582152857,1,1,1,1402,733,0,10-14Â¥×Ü¿¨
582152857,1,1,1,1403,733,0,10-14Â¥×Ü¿¨
582152857,1,1,1,1405,733,0,10-14Â¥×Ü¿¨
582152857,1,1,1,1406,733,0,10-14Â¥×Ü¿¨
582152857,1,1,1,1407,733,0,10-14Â¥×Ü¿¨
582152857,1,1,1,1408,733,0,10-14Â¥×Ü¿¨
582152857,1,1,1,1410,733,0,10-14Â¥×Ü¿¨
582152857,1,1,1,1411,733,0,10-14Â¥×Ü¿¨
582152857,1,1,1,1412,733,0,10-14Â¥×Ü¿¨
582152857,1,1,1,1413,733,0,10-14Â¥×Ü¿¨
582152857,1,1,1,1415,733,0,10-14Â¥×Ü¿¨
582152857,1,1,1,1416,733,0,10-14Â¥×Ü¿¨
582152857,1,1,1,1417,733,0,10-14Â¥×Ü¿¨
582152857,1,1,1,1419,733,0,10-14Â¥×Ü¿¨
582152857,1,1,1,1421,733,0,10-14Â¥×Ü¿¨
582152857,1,1,1,1423,733,0,10-14Â¥×Ü¿¨
582152857,1,1,1,1425,733,0,10-14Â¥×Ü¿¨
582152857,1,1,1,1426,733,0,10-14Â¥×Ü¿¨
582152857,1,1,1,1427,733,0,10-14Â¥×Ü¿¨
582152857,1,1,1,1428,733,0,10-14Â¥×Ü¿¨
582152857,1,1,1,1430,733,0,10-14Â¥×Ü¿¨
582152857,1,1,1,1432,733,0,10-14Â¥×Ü¿¨
582152857,1,1,1,1439,733,0,10-14Â¥×Ü¿¨
582152857,1,1,1,1440,733,0,10-14Â¥×Ü¿¨
582152857,1,1,1,1488,733,0,10-14Â¥×Ü¿¨
-1254530210,1,1,1,1501,734,0,15-19Â¥×Ü¿¨
-1254530210,1,1,1,1502,734,0,15-19Â¥×Ü¿¨
-1254530210,1,1,1,1503,734,0,15-19Â¥×Ü¿¨
-1254530210,1,1,1,1505,734,0,15-19Â¥×Ü¿¨
-1254530210,1,1,1,1506,734,0,15-19Â¥×Ü¿¨
-1254530210,1,1,1,1507,734,0,15-19Â¥×Ü¿¨
-1254530210,1,1,1,1508,734,0,15-19Â¥×Ü¿¨
-1254530210,1,1,1,1509,734,0,15-19Â¥×Ü¿¨
-1254530210,1,1,1,1511,734,0,15-19Â¥×Ü¿¨
-1254530210,1,1,1,1512,734,0,15-19Â¥×Ü¿¨
-1254530210,1,1,1,1513,734,0,15-19Â¥×Ü¿¨
-1254530210,1,1,1,1514,734,0,15-19Â¥×Ü¿¨
-1254530210,1,1,1,1515,734,0,15-19Â¥×Ü¿¨
-1254530210,1,1,1,1516,734,0,15-19Â¥×Ü¿¨
-1254530210,1,1,1,1517,734,0,15-19Â¥×Ü¿¨
-1254530210,1,1,1,1518,734,0,15-19Â¥×Ü¿¨
-1254530210,1,1,1,1519,734,0,15-19Â¥×Ü¿¨
-1254530210,1,1,1,1520,734,0,15-19Â¥×Ü¿¨
-1254530210,1,1,1,1521,734,0,15-19Â¥×Ü¿¨
-1254530210,1,1,1,1522,734,0,15-19Â¥×Ü¿¨
-1254530210,1,1,1,1523,734,0,15-19Â¥×Ü¿¨
-1254530210,1,1,1,1525,734,0,15-19Â¥×Ü¿¨
-1254530210,1,1,1,1526,734,0,15-19Â¥×Ü¿¨
-1254530210,1,1,1,1527,734,0,15-19Â¥×Ü¿¨
-1254530210,1,1,1,1528,734,0,15-19Â¥×Ü¿¨
-1254530210,1,1,1,1530,734,0,15-19Â¥×Ü¿¨
-1254530210,1,1,1,1532,734,0,15-19Â¥×Ü¿¨
-1254530210,1,1,1,1539,734,0,15-19Â¥×Ü¿¨
-1254530210,1,1,1,1540,734,0,15-19Â¥×Ü¿¨
-1254530210,1,1,1,1541,734,0,15-19Â¥×Ü¿¨
-1254530210,1,1,1,1588,734,0,15-19Â¥×Ü¿¨
-1254530210,1,1,1,1601,734,0,15-19Â¥×Ü¿¨
-1254530210,1,1,1,1602,734,0,15-19Â¥×Ü¿¨
-1254530210,1,1,1,1603,734,0,15-19Â¥×Ü¿¨
-1254530210,1,1,1,1605,734,0,15-19Â¥×Ü¿¨
-1254530210,1,1,1,1606,734,0,15-19Â¥×Ü¿¨
-1254530210,1,1,1,1607,734,0,15-19Â¥×Ü¿¨
-1254530210,1,1,1,1608,734,0,15-19Â¥×Ü¿¨
-1254530210,1,1,1,1609,734,0,15-19Â¥×Ü¿¨
-1254530210,1,1,1,1611,734,0,15-19Â¥×Ü¿¨
-1254530210,1,1,1,1612,734,0,15-19Â¥×Ü¿¨
-1254530210,1,1,1,1613,734,0,15-19Â¥×Ü¿¨
-1254530210,1,1,1,1614,734,0,15-19Â¥×Ü¿¨
-1254530210,1,1,1,1615,734,0,15-19Â¥×Ü¿¨
-1254530210,1,1,1,1616,734,0,15-19Â¥×Ü¿¨
-1254530210,1,1,1,1617,734,0,15-19Â¥×Ü¿¨
-1254530210,1,1,1,1618,734,0,15-19Â¥×Ü¿¨
-1254530210,1,1,1,1619,734,0,15-19Â¥×Ü¿¨
-1254530210,1,1,1,1620,734,0,15-19Â¥×Ü¿¨
-1254530210,1,1,1,1621,734,0,15-19Â¥×Ü¿¨
-1254530210,1,1,1,1622,734,0,15-19Â¥×Ü¿¨
-1254530210,1,1,1,1623,734,0,15-19Â¥×Ü¿¨
-1254530210,1,1,1,1626,734,0,15-19Â¥×Ü¿¨
-1254530210,1,1,1,1628,734,0,15-19Â¥×Ü¿¨
-1254530210,1,1,1,1629,734,0,15-19Â¥×Ü¿¨
-1254530210,1,1,1,1639,734,0,15-19Â¥×Ü¿¨
-1254530210,1,1,1,1640,734,0,15-19Â¥×Ü¿¨
-1254530210,1,1,1,1641,734,0,15-19Â¥×Ü¿¨
-1254530210,1,1,1,1688,734,0,15-19Â¥×Ü¿¨
-1254530210,1,1,1,1701,734,0,15-19Â¥×Ü¿¨
-1254530210,1,1,1,1702,734,0,15-19Â¥×Ü¿¨
-1254530210,1,1,1,1703,734,0,15-19Â¥×Ü¿¨
-1254530210,1,1,1,1704,734,0,15-19Â¥×Ü¿¨
-1254530210,1,1,1,1705,734,0,15-19Â¥×Ü¿¨
-1254530210,1,1,1,1706,734,0,15-19Â¥×Ü¿¨
-1254530210,1,1,1,1707,734,0,15-19Â¥×Ü¿¨
-1254530210,1,1,1,1708,734,0,15-19Â¥×Ü¿¨
-1254530210,1,1,1,1709,734,0,15-19Â¥×Ü¿¨
-1254530210,1,1,1,1710,734,0,15-19Â¥×Ü¿¨
-1254530210,1,1,1,1711,734,0,15-19Â¥×Ü¿¨
-1254530210,1,1,1,1712,734,0,15-19Â¥×Ü¿¨
-1254530210,1,1,1,1713,734,0,15-19Â¥×Ü¿¨
-1254530210,1,1,1,1714,734,0,15-19Â¥×Ü¿¨
-1254530210,1,1,1,1715,734,0,15-19Â¥×Ü¿¨
-1254530210,1,1,1,1716,734,0,15-19Â¥×Ü¿¨
-1254530210,1,1,1,1717,734,0,15-19Â¥×Ü¿¨
-1254530210,1,1,1,1718,734,0,15-19Â¥×Ü¿¨
-1254530210,1,1,1,1719,734,0,15-19Â¥×Ü¿¨
-1254530210,1,1,1,1720,734,0,15-19Â¥×Ü¿¨
-1254530210,1,1,1,1721,734,0,15-19Â¥×Ü¿¨
-1254530210,1,1,1,1722,734,0,15-19Â¥×Ü¿¨
-1254530210,1,1,1,1723,734,0,15-19Â¥×Ü¿¨
-1254530210,1,1,1,1725,734,0,15-19Â¥×Ü¿¨
-1254530210,1,1,1,1726,734,0,15-19Â¥×Ü¿¨
-1254530210,1,1,1,1727,734,0,15-19Â¥×Ü¿¨
-1254530210,1,1,1,1728,734,0,15-19Â¥×Ü¿¨
-1254530210,1,1,1,1729,734,0,15-19Â¥×Ü¿¨
-1254530210,1,1,1,1739,734,0,15-19Â¥×Ü¿¨
-1254530210,1,1,1,1740,734,0,15-19Â¥×Ü¿¨
-1254530210,1,1,1,1741,734,0,15-19Â¥×Ü¿¨
-1254530210,1,1,1,1788,734,0,15-19Â¥×Ü¿¨
-1254530210,1,1,1,1801,734,0,15-19Â¥×Ü¿¨
-1254530210,1,1,1,1802,734,0,15-19Â¥×Ü¿¨
-1254530210,1,1,1,1803,734,0,15-19Â¥×Ü¿¨
-1254530210,1,1,1,1804,734,0,15-19Â¥×Ü¿¨
-1254530210,1,1,1,1805,734,0,15-19Â¥×Ü¿¨
-1254530210,1,1,1,1806,734,0,15-19Â¥×Ü¿¨
-1254530210,1,1,1,1818,734,0,15-19Â¥×Ü¿¨
-1254530210,1,1,1,1828,734,0,15-19Â¥×Ü¿¨
-1254530210,1,1,1,1840,734,0,15-19Â¥×Ü¿¨
-1254530210,1,1,1,1841,734,0,15-19Â¥×Ü¿¨
-1254530210,1,1,1,1888,734,0,15-19Â¥×Ü¿¨
-1254530210,1,1,1,1901,734,0,15-19Â¥×Ü¿¨
-1254530210,1,1,1,1902,734,0,15-19Â¥×Ü¿¨
-1254530210,1,1,1,1903,734,0,15-19Â¥×Ü¿¨
-1254530210,1,1,1,1904,734,0,15-19Â¥×Ü¿¨
-1254530210,1,1,1,1905,734,0,15-19Â¥×Ü¿¨
-1254530210,1,1,1,1906,734,0,15-19Â¥×Ü¿¨
-1254530210,1,1,1,1908,734,0,15-19Â¥×Ü¿¨
-1254530210,1,1,1,1909,734,0,15-19Â¥×Ü¿¨
-1254530210,1,1,1,1910,734,0,15-19Â¥×Ü¿¨
-1254530210,1,1,1,1912,734,0,15-19Â¥×Ü¿¨
-1254530210,1,1,1,1918,734,0,15-19Â¥×Ü¿¨
-1254530210,1,1,1,1940,734,0,15-19Â¥×Ü¿¨
-1254530210,1,1,1,1941,734,0,15-19Â¥×Ü¿¨
-1254530210,1,1,1,1988,734,0,15-19Â¥×Ü¿¨
-51652620,1,1,1,401,735,0,4-11Â¥×Ü¿¨
-51652620,1,1,1,402,735,0,4-11Â¥×Ü¿¨
-51652620,1,1,1,403,735,0,4-11Â¥×Ü¿¨
-51652620,1,1,1,404,735,0,4-11Â¥×Ü¿¨
-51652620,1,1,1,405,735,0,4-11Â¥×Ü¿¨
-51652620,1,1,1,406,735,0,4-11Â¥×Ü¿¨
-51652620,1,1,1,407,735,0,4-11Â¥×Ü¿¨
-51652620,1,1,1,408,735,0,4-11Â¥×Ü¿¨
-51652620,1,1,1,409,735,0,4-11Â¥×Ü¿¨
-51652620,1,1,1,410,735,0,4-11Â¥×Ü¿¨
-51652620,1,1,1,411,735,0,4-11Â¥×Ü¿¨
-51652620,1,1,1,412,735,0,4-11Â¥×Ü¿¨
-51652620,1,1,1,413,735,0,4-11Â¥×Ü¿¨
-51652620,1,1,1,414,735,0,4-11Â¥×Ü¿¨
-51652620,1,1,1,415,735,0,4-11Â¥×Ü¿¨
-51652620,1,1,1,416,735,0,4-11Â¥×Ü¿¨
-51652620,1,1,1,417,735,0,4-11Â¥×Ü¿¨
-51652620,1,1,1,418,735,0,4-11Â¥×Ü¿¨
-51652620,1,1,1,419,735,0,4-11Â¥×Ü¿¨
-51652620,1,1,1,420,735,0,4-11Â¥×Ü¿¨
-51652620,1,1,1,422,735,0,4-11Â¥×Ü¿¨
-51652620,1,1,1,440,735,0,4-11Â¥×Ü¿¨
-51652620,1,1,1,441,735,0,4-11Â¥×Ü¿¨
-51652620,1,1,1,488,735,0,4-11Â¥×Ü¿¨
-51652620,1,1,1,501,735,0,4-11Â¥×Ü¿¨
-51652620,1,1,1,502,735,0,4-11Â¥×Ü¿¨
-51652620,1,1,1,503,735,0,4-11Â¥×Ü¿¨
-51652620,1,1,1,504,735,0,4-11Â¥×Ü¿¨
-51652620,1,1,1,505,735,0,4-11Â¥×Ü¿¨
-51652620,1,1,1,506,735,0,4-11Â¥×Ü¿¨
-51652620,1,1,1,507,735,0,4-11Â¥×Ü¿¨
-51652620,1,1,1,508,735,0,4-11Â¥×Ü¿¨
-51652620,1,1,1,509,735,0,4-11Â¥×Ü¿¨
-51652620,1,1,1,510,735,0,4-11Â¥×Ü¿¨
-51652620,1,1,1,511,735,0,4-11Â¥×Ü¿¨
-51652620,1,1,1,512,735,0,4-11Â¥×Ü¿¨
-51652620,1,1,1,513,735,0,4-11Â¥×Ü¿¨
-51652620,1,1,1,514,735,0,4-11Â¥×Ü¿¨
-51652620,1,1,1,515,735,0,4-11Â¥×Ü¿¨
-51652620,1,1,1,516,735,0,4-11Â¥×Ü¿¨
-51652620,1,1,1,517,735,0,4-11Â¥×Ü¿¨
-51652620,1,1,1,518,735,0,4-11Â¥×Ü¿¨
-51652620,1,1,1,519,735,0,4-11Â¥×Ü¿¨
-51652620,1,1,1,520,735,0,4-11Â¥×Ü¿¨
-51652620,1,1,1,521,735,0,4-11Â¥×Ü¿¨
-51652620,1,1,1,522,735,0,4-11Â¥×Ü¿¨
-51652620,1,1,1,523,735,0,4-11Â¥×Ü¿¨
-51652620,1,1,1,525,735,0,4-11Â¥×Ü¿¨
-51652620,1,1,1,526,735,0,4-11Â¥×Ü¿¨
-51652620,1,1,1,527,735,0,4-11Â¥×Ü¿¨
-51652620,1,1,1,528,735,0,4-11Â¥×Ü¿¨
-51652620,1,1,1,529,735,0,4-11Â¥×Ü¿¨
-51652620,1,1,1,530,735,0,4-11Â¥×Ü¿¨
-51652620,1,1,1,531,735,0,4-11Â¥×Ü¿¨
-51652620,1,1,1,532,735,0,4-11Â¥×Ü¿¨
-51652620,1,1,1,533,735,0,4-11Â¥×Ü¿¨
-51652620,1,1,1,534,735,0,4-11Â¥×Ü¿¨
-51652620,1,1,1,535,735,0,4-11Â¥×Ü¿¨
-51652620,1,1,1,536,735,0,4-11Â¥×Ü¿¨
-51652620,1,1,1,537,735,0,4-11Â¥×Ü¿¨
-51652620,1,1,1,538,735,0,4-11Â¥×Ü¿¨
-51652620,1,1,1,539,735,0,4-11Â¥×Ü¿¨
-51652620,1,1,1,540,735,0,4-11Â¥×Ü¿¨
-51652620,1,1,1,541,735,0,4-11Â¥×Ü¿¨
-51652620,1,1,1,601,735,0,4-11Â¥×Ü¿¨
-51652620,1,1,1,602,735,0,4-11Â¥×Ü¿¨
-51652620,1,1,1,603,735,0,4-11Â¥×Ü¿¨
-51652620,1,1,1,604,735,0,4-11Â¥×Ü¿¨
-51652620,1,1,1,605,735,0,4-11Â¥×Ü¿¨
-51652620,1,1,1,606,735,0,4-11Â¥×Ü¿¨
-51652620,1,1,1,607,735,0,4-11Â¥×Ü¿¨
-51652620,1,1,1,608,735,0,4-11Â¥×Ü¿¨
-51652620,1,1,1,609,735,0,4-11Â¥×Ü¿¨
-51652620,1,1,1,610,735,0,4-11Â¥×Ü¿¨
-51652620,1,1,1,611,735,0,4-11Â¥×Ü¿¨
-51652620,1,1,1,612,735,0,4-11Â¥×Ü¿¨
-51652620,1,1,1,613,735,0,4-11Â¥×Ü¿¨
-51652620,1,1,1,614,735,0,4-11Â¥×Ü¿¨
-51652620,1,1,1,615,735,0,4-11Â¥×Ü¿¨
-51652620,1,1,1,616,735,0,4-11Â¥×Ü¿¨
-51652620,1,1,1,617,735,0,4-11Â¥×Ü¿¨
-51652620,1,1,1,618,735,0,4-11Â¥×Ü¿¨
-51652620,1,1,1,620,735,0,4-11Â¥×Ü¿¨
-51652620,1,1,1,621,735,0,4-11Â¥×Ü¿¨
-51652620,1,1,1,622,735,0,4-11Â¥×Ü¿¨
-51652620,1,1,1,623,735,0,4-11Â¥×Ü¿¨
-51652620,1,1,1,625,735,0,4-11Â¥×Ü¿¨
-51652620,1,1,1,626,735,0,4-11Â¥×Ü¿¨
-51652620,1,1,1,627,735,0,4-11Â¥×Ü¿¨
-51652620,1,1,1,628,735,0,4-11Â¥×Ü¿¨
-51652620,1,1,1,629,735,0,4-11Â¥×Ü¿¨
-51652620,1,1,1,630,735,0,4-11Â¥×Ü¿¨
-51652620,1,1,1,631,735,0,4-11Â¥×Ü¿¨
-51652620,1,1,1,632,735,0,4-11Â¥×Ü¿¨
-51652620,1,1,1,633,735,0,4-11Â¥×Ü¿¨
-51652620,1,1,1,634,735,0,4-11Â¥×Ü¿¨
-51652620,1,1,1,635,735,0,4-11Â¥×Ü¿¨
-51652620,1,1,1,636,735,0,4-11Â¥×Ü¿¨
-51652620,1,1,1,637,735,0,4-11Â¥×Ü¿¨
-51652620,1,1,1,638,735,0,4-11Â¥×Ü¿¨
-51652620,1,1,1,639,735,0,4-11Â¥×Ü¿¨
-51652620,1,1,1,640,735,0,4-11Â¥×Ü¿¨
-51652620,1,1,1,641,735,0,4-11Â¥×Ü¿¨
-51652620,1,1,1,688,735,0,4-11Â¥×Ü¿¨
-51652620,1,1,1,701,735,0,4-11Â¥×Ü¿¨
-51652620,1,1,1,702,735,0,4-11Â¥×Ü¿¨
-51652620,1,1,1,703,735,0,4-11Â¥×Ü¿¨
-51652620,1,1,1,704,735,0,4-11Â¥×Ü¿¨
-51652620,1,1,1,705,735,0,4-11Â¥×Ü¿¨
-51652620,1,1,1,706,735,0,4-11Â¥×Ü¿¨
-51652620,1,1,1,707,735,0,4-11Â¥×Ü¿¨
-51652620,1,1,1,708,735,0,4-11Â¥×Ü¿¨
-51652620,1,1,1,709,735,0,4-11Â¥×Ü¿¨
-51652620,1,1,1,710,735,0,4-11Â¥×Ü¿¨
-51652620,1,1,1,711,735,0,4-11Â¥×Ü¿¨
-51652620,1,1,1,712,735,0,4-11Â¥×Ü¿¨
-51652620,1,1,1,713,735,0,4-11Â¥×Ü¿¨
-51652620,1,1,1,714,735,0,4-11Â¥×Ü¿¨
-51652620,1,1,1,715,735,0,4-11Â¥×Ü¿¨
-51652620,1,1,1,716,735,0,4-11Â¥×Ü¿¨
-51652620,1,1,1,717,735,0,4-11Â¥×Ü¿¨
-51652620,1,1,1,718,735,0,4-11Â¥×Ü¿¨
-51652620,1,1,1,719,735,0,4-11Â¥×Ü¿¨
-51652620,1,1,1,720,735,0,4-11Â¥×Ü¿¨
-51652620,1,1,1,721,735,0,4-11Â¥×Ü¿¨
-51652620,1,1,1,722,735,0,4-11Â¥×Ü¿¨
-51652620,1,1,1,723,735,0,4-11Â¥×Ü¿¨
-51652620,1,1,1,725,735,0,4-11Â¥×Ü¿¨
-51652620,1,1,1,726,735,0,4-11Â¥×Ü¿¨
-51652620,1,1,1,727,735,0,4-11Â¥×Ü¿¨
-51652620,1,1,1,728,735,0,4-11Â¥×Ü¿¨
-51652620,1,1,1,729,735,0,4-11Â¥×Ü¿¨
-51652620,1,1,1,730,735,0,4-11Â¥×Ü¿¨
-51652620,1,1,1,731,735,0,4-11Â¥×Ü¿¨
-51652620,1,1,1,732,735,0,4-11Â¥×Ü¿¨
-51652620,1,1,1,733,735,0,4-11Â¥×Ü¿¨
-51652620,1,1,1,734,735,0,4-11Â¥×Ü¿¨
-51652620,1,1,1,735,735,0,4-11Â¥×Ü¿¨
-51652620,1,1,1,736,735,0,4-11Â¥×Ü¿¨
-51652620,1,1,1,738,735,0,4-11Â¥×Ü¿¨
-51652620,1,1,1,739,735,0,4-11Â¥×Ü¿¨
-51652620,1,1,1,740,735,0,4-11Â¥×Ü¿¨
-51652620,1,1,1,741,735,0,4-11Â¥×Ü¿¨
-51652620,1,1,1,788,735,0,4-11Â¥×Ü¿¨
-51652620,1,1,1,801,735,0,4-11Â¥×Ü¿¨
-51652620,1,1,1,802,735,0,4-11Â¥×Ü¿¨
-51652620,1,1,1,803,735,0,4-11Â¥×Ü¿¨
-51652620,1,1,1,804,735,0,4-11Â¥×Ü¿¨
-51652620,1,1,1,805,735,0,4-11Â¥×Ü¿¨
-51652620,1,1,1,806,735,0,4-11Â¥×Ü¿¨
-51652620,1,1,1,807,735,0,4-11Â¥×Ü¿¨
-51652620,1,1,1,808,735,0,4-11Â¥×Ü¿¨
-51652620,1,1,1,809,735,0,4-11Â¥×Ü¿¨
-51652620,1,1,1,810,735,0,4-11Â¥×Ü¿¨
-51652620,1,1,1,811,735,0,4-11Â¥×Ü¿¨
-51652620,1,1,1,812,735,0,4-11Â¥×Ü¿¨
-51652620,1,1,1,813,735,0,4-11Â¥×Ü¿¨
-51652620,1,1,1,814,735,0,4-11Â¥×Ü¿¨
-51652620,1,1,1,815,735,0,4-11Â¥×Ü¿¨
-51652620,1,1,1,816,735,0,4-11Â¥×Ü¿¨
-51652620,1,1,1,817,735,0,4-11Â¥×Ü¿¨
-51652620,1,1,1,818,735,0,4-11Â¥×Ü¿¨
-51652620,1,1,1,819,735,0,4-11Â¥×Ü¿¨
-51652620,1,1,1,820,735,0,4-11Â¥×Ü¿¨
-51652620,1,1,1,821,735,0,4-11Â¥×Ü¿¨
-51652620,1,1,1,822,735,0,4-11Â¥×Ü¿¨
-51652620,1,1,1,823,735,0,4-11Â¥×Ü¿¨
-51652620,1,1,1,825,735,0,4-11Â¥×Ü¿¨
-51652620,1,1,1,826,735,0,4-11Â¥×Ü¿¨
-51652620,1,1,1,827,735,0,4-11Â¥×Ü¿¨
-51652620,1,1,1,828,735,0,4-11Â¥×Ü¿¨
-51652620,1,1,1,829,735,0,4-11Â¥×Ü¿¨
-51652620,1,1,1,830,735,0,4-11Â¥×Ü¿¨
-51652620,1,1,1,831,735,0,4-11Â¥×Ü¿¨
-51652620,1,1,1,832,735,0,4-11Â¥×Ü¿¨
-51652620,1,1,1,833,735,0,4-11Â¥×Ü¿¨
-51652620,1,1,1,834,735,0,4-11Â¥×Ü¿¨
-51652620,1,1,1,835,735,0,4-11Â¥×Ü¿¨
-51652620,1,1,1,836,735,0,4-11Â¥×Ü¿¨
-51652620,1,1,1,837,735,0,4-11Â¥×Ü¿¨
-51652620,1,1,1,838,735,0,4-11Â¥×Ü¿¨
-51652620,1,1,1,839,735,0,4-11Â¥×Ü¿¨
-51652620,1,1,1,840,735,0,4-11Â¥×Ü¿¨
-51652620,1,1,1,841,735,0,4-11Â¥×Ü¿¨
-51652620,1,1,1,888,735,0,4-11Â¥×Ü¿¨
-51652620,1,1,1,901,735,0,4-11Â¥×Ü¿¨
-51652620,1,1,1,902,735,0,4-11Â¥×Ü¿¨
-51652620,1,1,1,903,735,0,4-11Â¥×Ü¿¨
-51652620,1,1,1,904,735,0,4-11Â¥×Ü¿¨
-51652620,1,1,1,905,735,0,4-11Â¥×Ü¿¨
-51652620,1,1,1,906,735,0,4-11Â¥×Ü¿¨
-51652620,1,1,1,907,735,0,4-11Â¥×Ü¿¨
-51652620,1,1,1,908,735,0,4-11Â¥×Ü¿¨
-51652620,1,1,1,909,735,0,4-11Â¥×Ü¿¨
-51652620,1,1,1,910,735,0,4-11Â¥×Ü¿¨
-51652620,1,1,1,911,735,0,4-11Â¥×Ü¿¨
-51652620,1,1,1,912,735,0,4-11Â¥×Ü¿¨
-51652620,1,1,1,913,735,0,4-11Â¥×Ü¿¨
-51652620,1,1,1,914,735,0,4-11Â¥×Ü¿¨
-51652620,1,1,1,915,735,0,4-11Â¥×Ü¿¨
-51652620,1,1,1,916,735,0,4-11Â¥×Ü¿¨
-51652620,1,1,1,917,735,0,4-11Â¥×Ü¿¨
-51652620,1,1,1,918,735,0,4-11Â¥×Ü¿¨
-51652620,1,1,1,919,735,0,4-11Â¥×Ü¿¨
-51652620,1,1,1,920,735,0,4-11Â¥×Ü¿¨
-51652620,1,1,1,921,735,0,4-11Â¥×Ü¿¨
-51652620,1,1,1,922,735,0,4-11Â¥×Ü¿¨
-51652620,1,1,1,923,735,0,4-11Â¥×Ü¿¨
-51652620,1,1,1,925,735,0,4-11Â¥×Ü¿¨
-51652620,1,1,1,926,735,0,4-11Â¥×Ü¿¨
-51652620,1,1,1,927,735,0,4-11Â¥×Ü¿¨
-51652620,1,1,1,928,735,0,4-11Â¥×Ü¿¨
-51652620,1,1,1,929,735,0,4-11Â¥×Ü¿¨
-51652620,1,1,1,930,735,0,4-11Â¥×Ü¿¨
-51652620,1,1,1,931,735,0,4-11Â¥×Ü¿¨
-51652620,1,1,1,932,735,0,4-11Â¥×Ü¿¨
-51652620,1,1,1,933,735,0,4-11Â¥×Ü¿¨
-51652620,1,1,1,934,735,0,4-11Â¥×Ü¿¨
-51652620,1,1,1,935,735,0,4-11Â¥×Ü¿¨
-51652620,1,1,1,936,735,0,4-11Â¥×Ü¿¨
-51652620,1,1,1,937,735,0,4-11Â¥×Ü¿¨
-51652620,1,1,1,938,735,0,4-11Â¥×Ü¿¨
-51652620,1,1,1,939,735,0,4-11Â¥×Ü¿¨
-51652620,1,1,1,940,735,0,4-11Â¥×Ü¿¨
-51652620,1,1,1,941,735,0,4-11Â¥×Ü¿¨
-51652620,1,1,1,988,735,0,4-11Â¥×Ü¿¨
-51652620,1,1,1,1001,735,0,4-11Â¥×Ü¿¨
-51652620,1,1,1,1003,735,0,4-11Â¥×Ü¿¨
-51652620,1,1,1,1004,735,0,4-11Â¥×Ü¿¨
-51652620,1,1,1,1005,735,0,4-11Â¥×Ü¿¨
-51652620,1,1,1,1006,735,0,4-11Â¥×Ü¿¨
-51652620,1,1,1,1007,735,0,4-11Â¥×Ü¿¨
-51652620,1,1,1,1008,735,0,4-11Â¥×Ü¿¨
-51652620,1,1,1,1009,735,0,4-11Â¥×Ü¿¨
-51652620,1,1,1,1010,735,0,4-11Â¥×Ü¿¨
-51652620,1,1,1,1011,735,0,4-11Â¥×Ü¿¨
-51652620,1,1,1,1012,735,0,4-11Â¥×Ü¿¨
-51652620,1,1,1,1013,735,0,4-11Â¥×Ü¿¨
-51652620,1,1,1,1014,735,0,4-11Â¥×Ü¿¨
-51652620,1,1,1,1015,735,0,4-11Â¥×Ü¿¨
-51652620,1,1,1,1016,735,0,4-11Â¥×Ü¿¨
-51652620,1,1,1,1017,735,0,4-11Â¥×Ü¿¨
-51652620,1,1,1,1018,735,0,4-11Â¥×Ü¿¨
-51652620,1,1,1,1019,735,0,4-11Â¥×Ü¿¨
-51652620,1,1,1,1020,735,0,4-11Â¥×Ü¿¨
-51652620,1,1,1,1021,735,0,4-11Â¥×Ü¿¨
-51652620,1,1,1,1022,735,0,4-11Â¥×Ü¿¨
-51652620,1,1,1,1023,735,0,4-11Â¥×Ü¿¨
-51652620,1,1,1,1025,735,0,4-11Â¥×Ü¿¨
-51652620,1,1,1,1026,735,0,4-11Â¥×Ü¿¨
-51652620,1,1,1,1027,735,0,4-11Â¥×Ü¿¨
-51652620,1,1,1,1028,735,0,4-11Â¥×Ü¿¨
-51652620,1,1,1,1029,735,0,4-11Â¥×Ü¿¨
-51652620,1,1,1,1030,735,0,4-11Â¥×Ü¿¨
-51652620,1,1,1,1031,735,0,4-11Â¥×Ü¿¨
-51652620,1,1,1,1032,735,0,4-11Â¥×Ü¿¨
-51652620,1,1,1,1033,735,0,4-11Â¥×Ü¿¨
-51652620,1,1,1,1034,735,0,4-11Â¥×Ü¿¨
-51652620,1,1,1,1035,735,0,4-11Â¥×Ü¿¨
-51652620,1,1,1,1036,735,0,4-11Â¥×Ü¿¨
-51652620,1,1,1,1037,735,0,4-11Â¥×Ü¿¨
-51652620,1,1,1,1038,735,0,4-11Â¥×Ü¿¨
-51652620,1,1,1,1039,735,0,4-11Â¥×Ü¿¨
-51652620,1,1,1,1040,735,0,4-11Â¥×Ü¿¨
-51652620,1,1,1,1041,735,0,4-11Â¥×Ü¿¨
-51652620,1,1,1,1088,735,0,4-11Â¥×Ü¿¨
-51652620,1,1,1,1101,735,0,4-11Â¥×Ü¿¨
-51652620,1,1,1,1102,735,0,4-11Â¥×Ü¿¨
-51652620,1,1,1,1103,735,0,4-11Â¥×Ü¿¨
-51652620,1,1,1,1104,735,0,4-11Â¥×Ü¿¨
-51652620,1,1,1,1105,735,0,4-11Â¥×Ü¿¨
-51652620,1,1,1,1106,735,0,4-11Â¥×Ü¿¨
-51652620,1,1,1,1107,735,0,4-11Â¥×Ü¿¨
-51652620,1,1,1,1108,735,0,4-11Â¥×Ü¿¨
-51652620,1,1,1,1109,735,0,4-11Â¥×Ü¿¨
-51652620,1,1,1,1110,735,0,4-11Â¥×Ü¿¨
-51652620,1,1,1,1111,735,0,4-11Â¥×Ü¿¨
-51652620,1,1,1,1112,735,0,4-11Â¥×Ü¿¨
-51652620,1,1,1,1113,735,0,4-11Â¥×Ü¿¨
-51652620,1,1,1,1114,735,0,4-11Â¥×Ü¿¨
-51652620,1,1,1,1115,735,0,4-11Â¥×Ü¿¨
-51652620,1,1,1,1116,735,0,4-11Â¥×Ü¿¨
-51652620,1,1,1,1117,735,0,4-11Â¥×Ü¿¨
-51652620,1,1,1,1118,735,0,4-11Â¥×Ü¿¨
-51652620,1,1,1,1119,735,0,4-11Â¥×Ü¿¨
-51652620,1,1,1,1120,735,0,4-11Â¥×Ü¿¨
-51652620,1,1,1,1121,735,0,4-11Â¥×Ü¿¨
-51652620,1,1,1,1122,735,0,4-11Â¥×Ü¿¨
-51652620,1,1,1,1123,735,0,4-11Â¥×Ü¿¨
-51652620,1,1,1,1125,735,0,4-11Â¥×Ü¿¨
-51652620,1,1,1,1126,735,0,4-11Â¥×Ü¿¨
-51652620,1,1,1,1127,735,0,4-11Â¥×Ü¿¨
-51652620,1,1,1,1128,735,0,4-11Â¥×Ü¿¨
1144541556,1,1,1,411,742,0,4Â¥ÆåÅÆÊÒ
-51652620,1,1,1,1130,735,0,4-11Â¥×Ü¿¨
-51652620,1,1,1,1131,735,0,4-11Â¥×Ü¿¨
-51652620,1,1,1,1132,735,0,4-11Â¥×Ü¿¨
-51652620,1,1,1,1133,735,0,4-11Â¥×Ü¿¨
-51652620,1,1,1,1134,735,0,4-11Â¥×Ü¿¨
-51652620,1,1,1,1135,735,0,4-11Â¥×Ü¿¨
-51652620,1,1,1,1136,735,0,4-11Â¥×Ü¿¨
-51652620,1,1,1,1137,735,0,4-11Â¥×Ü¿¨
-51652620,1,1,1,1138,735,0,4-11Â¥×Ü¿¨
-51652620,1,1,1,1139,735,0,4-11Â¥×Ü¿¨
-51652620,1,1,1,1140,735,0,4-11Â¥×Ü¿¨
-51652620,1,1,1,1141,735,0,4-11Â¥×Ü¿¨
-51652620,1,1,1,1188,735,0,4-11Â¥×Ü¿¨
-409225005,1,1,1,1201,736,0,12-19Â¥×Ü¿¨
-409225005,1,1,1,1202,736,0,12-19Â¥×Ü¿¨
-409225005,1,1,1,1203,736,0,12-19Â¥×Ü¿¨
-409225005,1,1,1,1204,736,0,12-19Â¥×Ü¿¨
-409225005,1,1,1,1205,736,0,12-19Â¥×Ü¿¨
-409225005,1,1,1,1206,736,0,12-19Â¥×Ü¿¨
-409225005,1,1,1,1207,736,0,12-19Â¥×Ü¿¨
-409225005,1,1,1,1208,736,0,12-19Â¥×Ü¿¨
-409225005,1,1,1,1209,736,0,12-19Â¥×Ü¿¨
-409225005,1,1,1,1210,736,0,12-19Â¥×Ü¿¨
-409225005,1,1,1,1211,736,0,12-19Â¥×Ü¿¨
-409225005,1,1,1,1212,736,0,12-19Â¥×Ü¿¨
-409225005,1,1,1,1213,736,0,12-19Â¥×Ü¿¨
-409225005,1,1,1,1214,736,0,12-19Â¥×Ü¿¨
-409225005,1,1,1,1215,736,0,12-19Â¥×Ü¿¨
-409225005,1,1,1,1216,736,0,12-19Â¥×Ü¿¨
-409225005,1,1,1,1217,736,0,12-19Â¥×Ü¿¨
-409225005,1,1,1,1218,736,0,12-19Â¥×Ü¿¨
-409225005,1,1,1,1219,736,0,12-19Â¥×Ü¿¨
-409225005,1,1,1,1220,736,0,12-19Â¥×Ü¿¨
-409225005,1,1,1,1221,736,0,12-19Â¥×Ü¿¨
-409225005,1,1,1,1222,736,0,12-19Â¥×Ü¿¨
-409225005,1,1,1,1223,736,0,12-19Â¥×Ü¿¨
-409225005,1,1,1,1225,736,0,12-19Â¥×Ü¿¨
-409225005,1,1,1,1226,736,0,12-19Â¥×Ü¿¨
-409225005,1,1,1,1227,736,0,12-19Â¥×Ü¿¨
-409225005,1,1,1,1228,736,0,12-19Â¥×Ü¿¨
-409225005,1,1,1,1229,736,0,12-19Â¥×Ü¿¨
-409225005,1,1,1,1230,736,0,12-19Â¥×Ü¿¨
-409225005,1,1,1,1231,736,0,12-19Â¥×Ü¿¨
-409225005,1,1,1,1232,736,0,12-19Â¥×Ü¿¨
-409225005,1,1,1,1233,736,0,12-19Â¥×Ü¿¨
-409225005,1,1,1,1234,736,0,12-19Â¥×Ü¿¨
-409225005,1,1,1,1235,736,0,12-19Â¥×Ü¿¨
-409225005,1,1,1,1236,736,0,12-19Â¥×Ü¿¨
-409225005,1,1,1,1237,736,0,12-19Â¥×Ü¿¨
-409225005,1,1,1,1238,736,0,12-19Â¥×Ü¿¨
-409225005,1,1,1,1239,736,0,12-19Â¥×Ü¿¨
-409225005,1,1,1,1240,736,0,12-19Â¥×Ü¿¨
-409225005,1,1,1,1241,736,0,12-19Â¥×Ü¿¨
-409225005,1,1,1,1288,736,0,12-19Â¥×Ü¿¨
-409225005,1,1,1,1301,736,0,12-19Â¥×Ü¿¨
-409225005,1,1,1,1302,736,0,12-19Â¥×Ü¿¨
-409225005,1,1,1,1303,736,0,12-19Â¥×Ü¿¨
-409225005,1,1,1,1304,736,0,12-19Â¥×Ü¿¨
-409225005,1,1,1,1305,736,0,12-19Â¥×Ü¿¨
-409225005,1,1,1,1306,736,0,12-19Â¥×Ü¿¨
-409225005,1,1,1,1307,736,0,12-19Â¥×Ü¿¨
-409225005,1,1,1,1308,736,0,12-19Â¥×Ü¿¨
-409225005,1,1,1,1309,736,0,12-19Â¥×Ü¿¨
-409225005,1,1,1,1310,736,0,12-19Â¥×Ü¿¨
-409225005,1,1,1,1311,736,0,12-19Â¥×Ü¿¨
-409225005,1,1,1,1312,736,0,12-19Â¥×Ü¿¨
-409225005,1,1,1,1313,736,0,12-19Â¥×Ü¿¨
-409225005,1,1,1,1314,736,0,12-19Â¥×Ü¿¨
-409225005,1,1,1,1315,736,0,12-19Â¥×Ü¿¨
-409225005,1,1,1,1316,736,0,12-19Â¥×Ü¿¨
-409225005,1,1,1,1317,736,0,12-19Â¥×Ü¿¨
-409225005,1,1,1,1318,736,0,12-19Â¥×Ü¿¨
-409225005,1,1,1,1319,736,0,12-19Â¥×Ü¿¨
-409225005,1,1,1,1320,736,0,12-19Â¥×Ü¿¨
-409225005,1,1,1,1321,736,0,12-19Â¥×Ü¿¨
-409225005,1,1,1,1322,736,0,12-19Â¥×Ü¿¨
-409225005,1,1,1,1323,736,0,12-19Â¥×Ü¿¨
-409225005,1,1,1,1325,736,0,12-19Â¥×Ü¿¨
-409225005,1,1,1,1326,736,0,12-19Â¥×Ü¿¨
-409225005,1,1,1,1327,736,0,12-19Â¥×Ü¿¨
-409225005,1,1,1,1328,736,0,12-19Â¥×Ü¿¨
-409225005,1,1,1,1329,736,0,12-19Â¥×Ü¿¨
-409225005,1,1,1,1330,736,0,12-19Â¥×Ü¿¨
-409225005,1,1,1,1331,736,0,12-19Â¥×Ü¿¨
-409225005,1,1,1,1332,736,0,12-19Â¥×Ü¿¨
-409225005,1,1,1,1333,736,0,12-19Â¥×Ü¿¨
-409225005,1,1,1,1339,736,0,12-19Â¥×Ü¿¨
-409225005,1,1,1,1340,736,0,12-19Â¥×Ü¿¨
-409225005,1,1,1,1341,736,0,12-19Â¥×Ü¿¨
-409225005,1,1,1,1388,736,0,12-19Â¥×Ü¿¨
-409225005,1,1,1,1401,736,0,12-19Â¥×Ü¿¨
-409225005,1,1,1,1402,736,0,12-19Â¥×Ü¿¨
-409225005,1,1,1,1403,736,0,12-19Â¥×Ü¿¨
-409225005,1,1,1,1405,736,0,12-19Â¥×Ü¿¨
-409225005,1,1,1,1406,736,0,12-19Â¥×Ü¿¨
-409225005,1,1,1,1407,736,0,12-19Â¥×Ü¿¨
-409225005,1,1,1,1408,736,0,12-19Â¥×Ü¿¨
-409225005,1,1,1,1410,736,0,12-19Â¥×Ü¿¨
-409225005,1,1,1,1411,736,0,12-19Â¥×Ü¿¨
-409225005,1,1,1,1412,736,0,12-19Â¥×Ü¿¨
-409225005,1,1,1,1413,736,0,12-19Â¥×Ü¿¨
-409225005,1,1,1,1415,736,0,12-19Â¥×Ü¿¨
-409225005,1,1,1,1416,736,0,12-19Â¥×Ü¿¨
-409225005,1,1,1,1417,736,0,12-19Â¥×Ü¿¨
-409225005,1,1,1,1419,736,0,12-19Â¥×Ü¿¨
-409225005,1,1,1,1421,736,0,12-19Â¥×Ü¿¨
-409225005,1,1,1,1423,736,0,12-19Â¥×Ü¿¨
-409225005,1,1,1,1425,736,0,12-19Â¥×Ü¿¨
-409225005,1,1,1,1426,736,0,12-19Â¥×Ü¿¨
-409225005,1,1,1,1427,736,0,12-19Â¥×Ü¿¨
-409225005,1,1,1,1428,736,0,12-19Â¥×Ü¿¨
-409225005,1,1,1,1430,736,0,12-19Â¥×Ü¿¨
-409225005,1,1,1,1432,736,0,12-19Â¥×Ü¿¨
-409225005,1,1,1,1439,736,0,12-19Â¥×Ü¿¨
-409225005,1,1,1,1440,736,0,12-19Â¥×Ü¿¨
-409225005,1,1,1,1488,736,0,12-19Â¥×Ü¿¨
-409225005,1,1,1,1501,736,0,12-19Â¥×Ü¿¨
-409225005,1,1,1,1502,736,0,12-19Â¥×Ü¿¨
-409225005,1,1,1,1503,736,0,12-19Â¥×Ü¿¨
-409225005,1,1,1,1505,736,0,12-19Â¥×Ü¿¨
-409225005,1,1,1,1506,736,0,12-19Â¥×Ü¿¨
-409225005,1,1,1,1507,736,0,12-19Â¥×Ü¿¨
-409225005,1,1,1,1508,736,0,12-19Â¥×Ü¿¨
-409225005,1,1,1,1509,736,0,12-19Â¥×Ü¿¨
-409225005,1,1,1,1511,736,0,12-19Â¥×Ü¿¨
-409225005,1,1,1,1512,736,0,12-19Â¥×Ü¿¨
-409225005,1,1,1,1513,736,0,12-19Â¥×Ü¿¨
-409225005,1,1,1,1514,736,0,12-19Â¥×Ü¿¨
-409225005,1,1,1,1515,736,0,12-19Â¥×Ü¿¨
-409225005,1,1,1,1516,736,0,12-19Â¥×Ü¿¨
-409225005,1,1,1,1517,736,0,12-19Â¥×Ü¿¨
-409225005,1,1,1,1518,736,0,12-19Â¥×Ü¿¨
-409225005,1,1,1,1519,736,0,12-19Â¥×Ü¿¨
-409225005,1,1,1,1520,736,0,12-19Â¥×Ü¿¨
-409225005,1,1,1,1521,736,0,12-19Â¥×Ü¿¨
-409225005,1,1,1,1522,736,0,12-19Â¥×Ü¿¨
-409225005,1,1,1,1523,736,0,12-19Â¥×Ü¿¨
-409225005,1,1,1,1525,736,0,12-19Â¥×Ü¿¨
-409225005,1,1,1,1526,736,0,12-19Â¥×Ü¿¨
-409225005,1,1,1,1527,736,0,12-19Â¥×Ü¿¨
-409225005,1,1,1,1528,736,0,12-19Â¥×Ü¿¨
-409225005,1,1,1,1530,736,0,12-19Â¥×Ü¿¨
-409225005,1,1,1,1532,736,0,12-19Â¥×Ü¿¨
-409225005,1,1,1,1539,736,0,12-19Â¥×Ü¿¨
-409225005,1,1,1,1540,736,0,12-19Â¥×Ü¿¨
-409225005,1,1,1,1541,736,0,12-19Â¥×Ü¿¨
-409225005,1,1,1,1588,736,0,12-19Â¥×Ü¿¨
-409225005,1,1,1,1601,736,0,12-19Â¥×Ü¿¨
-409225005,1,1,1,1602,736,0,12-19Â¥×Ü¿¨
-409225005,1,1,1,1603,736,0,12-19Â¥×Ü¿¨
-409225005,1,1,1,1605,736,0,12-19Â¥×Ü¿¨
-409225005,1,1,1,1606,736,0,12-19Â¥×Ü¿¨
-409225005,1,1,1,1607,736,0,12-19Â¥×Ü¿¨
-409225005,1,1,1,1608,736,0,12-19Â¥×Ü¿¨
-409225005,1,1,1,1609,736,0,12-19Â¥×Ü¿¨
-409225005,1,1,1,1611,736,0,12-19Â¥×Ü¿¨
-409225005,1,1,1,1612,736,0,12-19Â¥×Ü¿¨
-409225005,1,1,1,1613,736,0,12-19Â¥×Ü¿¨
-409225005,1,1,1,1614,736,0,12-19Â¥×Ü¿¨
-409225005,1,1,1,1615,736,0,12-19Â¥×Ü¿¨
-409225005,1,1,1,1616,736,0,12-19Â¥×Ü¿¨
-409225005,1,1,1,1617,736,0,12-19Â¥×Ü¿¨
-409225005,1,1,1,1618,736,0,12-19Â¥×Ü¿¨
-409225005,1,1,1,1619,736,0,12-19Â¥×Ü¿¨
-409225005,1,1,1,1620,736,0,12-19Â¥×Ü¿¨
-409225005,1,1,1,1621,736,0,12-19Â¥×Ü¿¨
-409225005,1,1,1,1622,736,0,12-19Â¥×Ü¿¨
-409225005,1,1,1,1623,736,0,12-19Â¥×Ü¿¨
-409225005,1,1,1,1626,736,0,12-19Â¥×Ü¿¨
-409225005,1,1,1,1628,736,0,12-19Â¥×Ü¿¨
-409225005,1,1,1,1629,736,0,12-19Â¥×Ü¿¨
-409225005,1,1,1,1639,736,0,12-19Â¥×Ü¿¨
-409225005,1,1,1,1640,736,0,12-19Â¥×Ü¿¨
-409225005,1,1,1,1641,736,0,12-19Â¥×Ü¿¨
-409225005,1,1,1,1688,736,0,12-19Â¥×Ü¿¨
-409225005,1,1,1,1701,736,0,12-19Â¥×Ü¿¨
-409225005,1,1,1,1702,736,0,12-19Â¥×Ü¿¨
-409225005,1,1,1,1703,736,0,12-19Â¥×Ü¿¨
-409225005,1,1,1,1704,736,0,12-19Â¥×Ü¿¨
-409225005,1,1,1,1705,736,0,12-19Â¥×Ü¿¨
-409225005,1,1,1,1706,736,0,12-19Â¥×Ü¿¨
-409225005,1,1,1,1707,736,0,12-19Â¥×Ü¿¨
-409225005,1,1,1,1708,736,0,12-19Â¥×Ü¿¨
-409225005,1,1,1,1709,736,0,12-19Â¥×Ü¿¨
-409225005,1,1,1,1710,736,0,12-19Â¥×Ü¿¨
-409225005,1,1,1,1711,736,0,12-19Â¥×Ü¿¨
-409225005,1,1,1,1712,736,0,12-19Â¥×Ü¿¨
-409225005,1,1,1,1713,736,0,12-19Â¥×Ü¿¨
-409225005,1,1,1,1714,736,0,12-19Â¥×Ü¿¨
-409225005,1,1,1,1715,736,0,12-19Â¥×Ü¿¨
-409225005,1,1,1,1716,736,0,12-19Â¥×Ü¿¨
-409225005,1,1,1,1717,736,0,12-19Â¥×Ü¿¨
-409225005,1,1,1,1718,736,0,12-19Â¥×Ü¿¨
-409225005,1,1,1,1719,736,0,12-19Â¥×Ü¿¨
-409225005,1,1,1,1720,736,0,12-19Â¥×Ü¿¨
-409225005,1,1,1,1721,736,0,12-19Â¥×Ü¿¨
-409225005,1,1,1,1722,736,0,12-19Â¥×Ü¿¨
-409225005,1,1,1,1723,736,0,12-19Â¥×Ü¿¨
-409225005,1,1,1,1725,736,0,12-19Â¥×Ü¿¨
-409225005,1,1,1,1726,736,0,12-19Â¥×Ü¿¨
-409225005,1,1,1,1727,736,0,12-19Â¥×Ü¿¨
-409225005,1,1,1,1728,736,0,12-19Â¥×Ü¿¨
-409225005,1,1,1,1729,736,0,12-19Â¥×Ü¿¨
-409225005,1,1,1,1739,736,0,12-19Â¥×Ü¿¨
-409225005,1,1,1,1740,736,0,12-19Â¥×Ü¿¨
-409225005,1,1,1,1741,736,0,12-19Â¥×Ü¿¨
-409225005,1,1,1,1788,736,0,12-19Â¥×Ü¿¨
-409225005,1,1,1,1801,736,0,12-19Â¥×Ü¿¨
-409225005,1,1,1,1802,736,0,12-19Â¥×Ü¿¨
-409225005,1,1,1,1803,736,0,12-19Â¥×Ü¿¨
-409225005,1,1,1,1804,736,0,12-19Â¥×Ü¿¨
-409225005,1,1,1,1805,736,0,12-19Â¥×Ü¿¨
-409225005,1,1,1,1806,736,0,12-19Â¥×Ü¿¨
-409225005,1,1,1,1818,736,0,12-19Â¥×Ü¿¨
-409225005,1,1,1,1828,736,0,12-19Â¥×Ü¿¨
-409225005,1,1,1,1840,736,0,12-19Â¥×Ü¿¨
-409225005,1,1,1,1841,736,0,12-19Â¥×Ü¿¨
-409225005,1,1,1,1888,736,0,12-19Â¥×Ü¿¨
-409225005,1,1,1,1901,736,0,12-19Â¥×Ü¿¨
-409225005,1,1,1,1902,736,0,12-19Â¥×Ü¿¨
-409225005,1,1,1,1903,736,0,12-19Â¥×Ü¿¨
-409225005,1,1,1,1904,736,0,12-19Â¥×Ü¿¨
-409225005,1,1,1,1905,736,0,12-19Â¥×Ü¿¨
-409225005,1,1,1,1906,736,0,12-19Â¥×Ü¿¨
-409225005,1,1,1,1908,736,0,12-19Â¥×Ü¿¨
-409225005,1,1,1,1909,736,0,12-19Â¥×Ü¿¨
-409225005,1,1,1,1910,736,0,12-19Â¥×Ü¿¨
-409225005,1,1,1,1912,736,0,12-19Â¥×Ü¿¨
-409225005,1,1,1,1918,736,0,12-19Â¥×Ü¿¨
-409225005,1,1,1,1940,736,0,12-19Â¥×Ü¿¨
-409225005,1,1,1,1941,736,0,12-19Â¥×Ü¿¨
-409225005,1,1,1,1988,736,0,12-19Â¥×Ü¿¨
334894280,1,1,1,588,725,0,5-6Â¥Çå½à¿¨
41437634,1,1,1,588,650,0,5Â¥×Ü·¿¿¨
-199981540,1,1,1,588,536,0,4-7Â¥²é·¿¿¨
-27712958,1,1,1,588,442,0,4-5Â¥Çå½à¿¨
-341237261,1,1,1,588,593,0,4-19Â¥×Ü¿¨
-341237261,1,1,1,1510,593,0,4-19Â¥×Ü¿¨
-341237261,1,1,1,1610,593,0,4-19Â¥×Ü¿¨
-51652620,1,1,1,588,735,0,4-11Â¥×Ü¿¨
-561948169,1,1,1,1510,669,0,14-15Â¥Çå½à¿¨
812649686,1,1,1,1610,664,0,16Â¥×Ü·¿¿¨
-72748060,1,1,1,1610,592,0,16-19Â¥²é·¿¿¨
-584628913,1,1,1,1610,668,0,16-17Â¥Çå½à¿¨
1017320293,1,1,1,1510,663,0,15Â¥×Ü·¿¿¨
-199817096,1,1,1,1510,731,0,15-16Â¥Çå½à¿¨
-199817096,1,1,1,1610,731,0,15-16Â¥Çå½à¿¨
40006656,1,1,1,1510,625,0,14-16Â¥×ÛºÏÇå½à¿¨
40006656,1,1,1,1610,625,0,14-16Â¥×ÛºÏÇå½à¿¨
-409225005,1,1,1,1510,736,0,12-19Â¥×Ü¿¨
-409225005,1,1,1,1610,736,0,12-19Â¥×Ü¿¨
-455228694,1,1,1,1510,591,0,12-15Â¥²é·¿¿¨
-373414277,1,1,1,10022,724,0,5¡¢10Â¥ÐÂ¹¤×÷¼ä
1415528630,1,1,1,801,656,0,8Â¥×Ü·¿¿¨
1144541556,1,1,1,412,742,0,4Â¥ÆåÅÆÊÒ
1144541556,1,1,1,413,742,0,4Â¥ÆåÅÆÊÒ
1144541556,1,1,1,414,742,0,4Â¥ÆåÅÆÊÒ
1144541556,1,1,1,415,742,0,4Â¥ÆåÅÆÊÒ
1144541556,1,1,1,416,742,0,4Â¥ÆåÅÆÊÒ
1144541556,1,1,1,417,742,0,4Â¥ÆåÅÆÊÒ
1144541556,1,1,1,418,742,0,4Â¥ÆåÅÆÊÒ
1144541556,1,1,1,419,742,0,4Â¥ÆåÅÆÊÒ
1144541556,1,1,1,420,742,0,4Â¥ÆåÅÆÊÒ
1144541556,1,1,1,422,742,0,4Â¥ÆåÅÆÊÒ
1581469032,1,1,1,401,743,0,4Â¥³¤×â·¿
1581469032,1,1,1,402,743,0,4Â¥³¤×â·¿
1581469032,1,1,1,403,743,0,4Â¥³¤×â·¿
1581469032,1,1,1,404,743,0,4Â¥³¤×â·¿
1581469032,1,1,1,405,743,0,4Â¥³¤×â·¿
1581469032,1,1,1,406,743,0,4Â¥³¤×â·¿
1581469032,1,1,1,407,743,0,4Â¥³¤×â·¿
1581469032,1,1,1,408,743,0,4Â¥³¤×â·¿
1581469032,1,1,1,409,743,0,4Â¥³¤×â·¿
1581469032,1,1,1,488,743,0,4Â¥³¤×â·¿
